Country,1990_Spend,1991_Spend,1992_Spend,1993_Spend,1994_Spend,1995_Spend,1996_Spend,1997_Spend,1998_Spend,1999_Spend,2000_Spend,2001_Spend,2002_Spend,2003_Spend,2004_Spend,2005_Spend,2006_Spend,2007_Spend,2008_Spend,2009_Spend,2010_Spend,2011_Spend,2012_Spend,2013_Spend,2014_Spend,2015_Spend,2016_Spend,2017_Spend
Aruba,,,,,,,,,,,,,,,,,,,,,,,,,,,,
Afghanistan,,,,,,,,,,,,,,,125111557.5,122727193.1,131346231.3,219580214.3,240532594.6,251869514.8,298146852.5,325807003.7,238583385.4,217194107.1,268227074.2,199518614.8,185878310.1,191407113.2
Angola,1751153152.0,1031247788.0,794138821.2,1774397877.0,594991178.7,233843714.9,159741933.5,456780475.0,170278292.6,1066588789.0,583621333.6,404299140.0,438686245.4,670021164.4,817533582.2,1365055399.0,1970309115.0,2032432883.0,3163591147.0,3311193245.0,3500794836.0,3639496374.0,4144634851.0,6090751702.0,6841864484.0,3608299115.0,2764054937.0,3062872914.0
Albania,,,31559657.48,39289843.43,49649504.93,50907521.78,45713356.11,29825492.0,33638047.44,42784205.21,45362503.39,53232045.16,58649352.5,76142881.76,100922358.4,110140852.7,140983900.7,194840309.2,255677957.8,182736862.5,185893242.0,197006789.2,183204695.7,180015508.8,178120368.0,132350667.6,130853162.6,144382688.7
Andorra,,,,,,,,,,,,,,,,,,,,,,,,,,,,
Arab World,36512289679.0,41035099161.0,32810749318.0,29606345067.0,29413366450.0,26684323434.0,26486123009.0,35484055036.0,39322695875.0,36889627319.0,40740633349.0,42770280444.0,40851036167.0,42622220140.0,48508764668.0,54649194506.0,61282170542.0,73572238704.0,86261643586.0,91504042712.0,97976367584.0,108000000000.0,122000000000.0,143000000000.0,155000000000.0,138000000000.0,112000000000.0,119000000000.0
United Arab Emirates,,,,,,,,3335766741.0,4010347175.0,4233083730.0,5875833901.0,5797957794.0,5354118448.0,5834717495.0,6816882233.0,6604220558.0,7165418652.0,8460993873.0,11571681416.0,13836351259.0,17504697073.0,19181756297.0,19024098026.0,23561061947.0,22755071477.0,,,
Argentina,2050907629.0,2858778842.0,3254455192.0,3368550452.0,3754724687.0,3801950488.0,3379138770.0,3340670335.0,3398699350.0,3461730865.0,3266633317.0,3183591796.0,1114172483.0,1374873734.0,1465809188.0,1699579152.0,1847553130.0,2296448242.0,2788980205.0,2981852290.0,3475348407.0,4051930105.0,4563217859.0,5137974301.0,4979442724.0,5482616701.0,4509647660.0,5459643672.0
Armenia,,,,9829763.866,,52228583.82,52410268.55,64062121.19,66757573.06,68234148.57,68052142.07,66247626.46,64106405.65,76587998.89,98070488.2,140738102.7,188189116.4,280108688.3,395994365.4,359499343.5,395011507.8,390871433.9,380571678.9,444551859.5,457807021.8,447379807.5,431396218.6,443610413.3
American Samoa,,,,,,,,,,,,,,,,,,,,,,,,,,,,
Antigua and Barbuda,,,,,,,,,,,,,,,,,,,,,,,,,,,,
Australia,6704213698.0,7023509067.0,6882091580.0,6733829290.0,7459696582.0,7665878446.0,8202776517.0,7936884917.0,7107542891.0,7770250653.0,7273760313.0,7043145895.0,7946766202.0,9926649415.0,11995219710.0,13237798499.0,14239779513.0,17186440962.0,18633092318.0,18960138513.0,23217692816.0,26597198655.0,26216580848.0,24825262589.0,25783708714.0,24045569111.0,26382947050.0,27691112417.0
Austria,1972701682.0,1994055546.0,2139925322.0,2115115267.0,2227560550.0,2557834494.0,2457903049.0,2164802343.0,2159796003.0,2124379546.0,1925557398.0,1788798311.0,1881746741.0,2381962769.0,2679282065.0,2686166244.0,2640185362.0,3499817967.0,3746731607.0,3334754940.0,3218351224.0,3409721209.0,3187227449.0,3229065841.0,3305159256.0,2665409782.0,2885947386.0,3138359204.0
Azerbaijan,,,11070110.7,77519379.84,43942747.06,66159968.91,71606841.24,92086691.97,107262858.6,120262174.0,119575651.7,131963660.1,139894091.9,176552162.3,228249631.6,304521477.7,717111853.6,946599792.1,1607799226.0,1472909977.0,1476608734.0,3080084996.0,3246122613.0,3367574161.0,3427179917.0,2943396693.0,1396969108.0,1528859592.0
Burundi,39602347.38,42751758.83,38986476.43,36267402.59,41909745.03,42108929.88,50893980.78,61870123.83,58736036.23,50571188.26,42321552.22,53230373.11,44910067.05,43413201.31,44872377.15,49557129.38,44717502.04,46308706.22,43856319.95,,,,58966662.28,60859500.09,62177294.74,66164584.44,66462843.08,63908678.43
Belgium,4644324241.0,4624500746.0,4131298112.0,3746042851.0,3944101813.0,4449014835.0,4241865968.0,3684095389.0,3664288413.0,3598447520.0,3190805233.0,3036035472.0,3147146017.0,3875697772.0,4262663513.0,4228224643.0,4307895341.0,5163979974.0,6295821584.0,5620670063.0,5244720513.0,5499370964.0,5168997834.0,5263164883.0,5191509381.0,4202062770.0,4314102067.0,4484652582.0
Benin,32817291.98,,,,,,,,,17843134.39,14496275.16,13112535.62,26000447.64,34544046.8,41780478.34,44706029.56,46786130.93,,64724601.11,,,,78223091.04,86003157.64,92990706.19,90896085.89,79581568.05,116142782.4
Burkina Faso,84465502.36,69505542.22,71116618.56,60526975.63,30259093.49,36862814.24,37141874.14,38549246.23,39494738.56,41741175.48,36658539.05,36832965.23,42468449.96,50757054.37,65684242.41,73843342.16,72632867.33,107816728.5,116999586.9,127333296.6,123700474.7,138850860.2,147729698.9,166136345.2,177166954.9,147934736.7,149467363.2,191065838.8
Bangladesh,373023439.0,381720110.1,427723625.0,471044672.3,547417522.2,620095155.9,638958844.8,681915124.0,701585600.4,737412573.6,740798160.0,705481695.2,681816161.7,719442956.9,770641160.3,773677668.2,829682794.8,953464223.6,1030020018.0,1258791157.0,1624625086.0,1801539802.0,1823425076.0,2047989071.0,2355991525.0,2815281641.0,3239738758.0,3594007980.0
Bulgaria,794520547.9,232176386.6,255770911.5,282674243.3,241993434.8,311147105.6,213616356.3,244369396.2,320389011.3,357224539.6,351343204.9,406003542.8,455950466.5,569054077.5,650748201.7,699433973.1,750992451.6,1032154228.0,1038051933.0,963254164.0,893467534.0,829031753.5,807529319.0,899584003.5,835716950.6,660847880.3,755406457.6,824187016.9
Bahrain,239361702.1,263297872.3,279255319.1,279255319.1,284574468.1,303191489.4,321808510.6,321808510.6,329787234.0,364361702.1,359042553.2,372340425.5,444148936.2,515957446.8,531914893.6,513297872.3,574202127.7,642553191.5,719946808.5,828191489.4,842819148.9,1033510638.0,1182180851.0,1347606383.0,1475265957.0,1442021277.0,1505534574.0,1532712766.0
Bahamas,,,,,,,,,,,,,,,,,,,,,,,,,,,,
Bosnia and Herzegovina,,,,,,,,,,,,,241025517.6,202282838.9,200100307.3,173304847.7,178375570.1,195049685.1,233292390.7,242471357.8,219915489.5,211878260.6,197344650.2,197617188.8,190380454.6,162215681.9,157912010.6,164638050.3
Belarus,,,,,,179081676.9,182805614.6,249384139.4,227586087.3,165903848.9,140326204.7,177697841.7,204364237.4,231563860.4,314314017.8,452684068.3,631831238.1,746943264.0,883027522.9,675426505.1,767699285.9,756277351.3,817069894.1,971107820.3,1010827014.0,723659955.0,597207572.1,631145399.2
Belize,4768750.0,4732875.0,5292125.0,6130375.0,7899375.0,8052875.0,7965875.0,9395000.0,,,7116125.0,7454662.5,7829937.5,8552225.0,9486150.0,10710962.5,12283037.5,13759075.0,18717737.5,17267537.5,15337250.0,15416250.0,15219125.0,17778875.0,19916875.0,19717625.0,21712887.5,23456750.0
Bermuda,,,,,,,,,,,,,,,,,,,,,,,,,,,,
Bolivia,137065127.5,143643960.1,141441910.3,109897118.0,134595240.4,140760862.8,146963017.8,180200446.9,228677000.4,176744242.1,173245422.5,184397571.0,160437935.8,173431324.8,168881603.1,169262316.4,179525489.2,221280687.8,327194708.2,345777777.8,327413146.1,403568566.1,499870043.4,564409840.8,625885094.1,575524224.9,552381263.9,574070189.6
Brazil,9236296955.0,6694665295.0,4993804467.0,7099899155.0,10591499118.0,14318919608.0,14073226545.0,13934266552.0,14357357047.0,9866973919.0,11344032535.0,10930231568.0,9664561903.0,8392905884.0,9780111585.0,13588619736.0,16404867307.0,20485758015.0,24452903036.0,25648809911.0,34002944470.0,36936209896.0,33987005074.0,32874787231.0,32659614241.0,24617701683.0,24224746901.0,29283050314.0
Barbados,,,,,,,,,,,,,,,,,,,,,,,,,,,,
Brunei Darussalam,231168587.6,245434285.5,251692787.5,233941291.9,261876080.2,285738475.2,328359479.2,369070790.2,293977055.4,258413177.9,244205202.0,217667939.2,226182431.5,243373245.0,199381149.3,248588079.8,293436463.5,323137150.8,361989034.5,349759722.8,390719540.0,415371529.0,411261473.9,412094279.8,527785231.7,424022039.2,403366488.7,346706804.4
Bhutan,,,,,,,,,,,,,,,,,,,,,,,,,,,,
Botswana,156250839.8,172269188.2,177986045.6,185671482.9,170433762.3,165873977.8,140560134.8,160507675.1,181051047.4,169578756.2,184718394.6,210322093.6,223549258.8,301014357.8,314038897.1,283835745.1,272934274.8,306451402.7,332400254.3,330147278.7,348672725.3,363324481.2,326874161.7,306438573.6,346281450.3,383739877.5,514463449.2,522430455.5
Central African Republic,,21598187.92,23185438.17,19144450.37,10689745.23,13014176.16,12196218.57,,,,,,10681962.96,15018926.36,15103589.92,15396194.65,,19112519.74,31511483.79,35992384.36,51585274.5,49874328.73,42746025.19,47923245.08,38407006.26,26703863.39,26832998.82,27516264.18
Canada,11414631847.0,11338503299.0,10788803124.0,10268822622.0,9577377640.0,9176903908.0,8615884471.0,7945140183.0,7748607984.0,8210778540.0,8299385231.0,8375571425.0,8495399281.0,9958245602.0,11336489831.0,12988132964.0,14809892803.0,17417139931.0,19342058405.0,18936226052.0,19315688825.0,21393720864.0,20452107111.0,18515731210.0,17853720278.0,17937641895.0,17782775543.0,21343371455.0
Central Europe and the Baltics,4921672408.0,4053915446.0,4844770755.0,6397697330.0,7369251245.0,8826211623.0,8912763074.0,8949858772.0,9216475552.0,8322771004.0,7819364628.0,8692492163.0,9813280324.0,11579104282.0,13174732647.0,15586419367.0,16886180864.0,20891520173.0,23340425676.0,19767826118.0,19462448031.0,20478373564.0,18980363983.0,19606008303.0,20730298879.0,19724301713.0,19501560114.0,22023783014.0
Switzerland,4056408189.0,4016764413.0,4138043834.0,3611212626.0,3899275421.0,4645360982.0,4239447901.0,3498218851.0,3494250971.0,3146822887.0,2800146846.0,2763655325.0,2882696762.0,3270337504.0,3503819863.0,3484636759.0,3328973394.0,3524746536.0,4098459038.0,4055544323.0,4115407849.0,4973863849.0,4592165378.0,5032883664.0,4612776715.0,4521076909.0,4571348247.0,4628401509.0
Channel Islands,,,,,,,,,,,,,,,,,,,,,,,,,,,,
Chile,1031475584.0,1038039494.0,1168858391.0,1291053676.0,1466048832.0,1827997369.0,1904105834.0,2120702608.0,2112373123.0,2043134812.0,2103460610.0,1893098224.0,1779553138.0,2067983998.0,2687320866.0,3100391591.0,3855358069.0,4022478104.0,4641877576.0,3902221588.0,4894081125.0,5686752070.0,5466101782.0,5529879481.0,5102779356.0,4630772774.0,4796010962.0,5370018135.0
China,10085081567.0,9953641758.0,12420300875.0,12577165930.0,10050586559.0,12606229599.0,14563240390.0,16104915232.0,17527989869.0,21027341242.0,22929764607.0,27875387284.0,32137735649.0,35126306608.0,40352713136.0,45918881613.0,55337487669.0,68011562228.0,86362099113.0,106000000000.0,116000000000.0,138000000000.0,157000000000.0,180000000000.0,201000000000.0,214000000000.0,216000000000.0,228000000000.0
Cote d'Ivoire,143973702.1,144168701.9,156797334.3,148635238.4,84071649.21,,102660140.1,93525611.26,,,,,,213007570.5,250811588.4,249872978.1,267360247.9,323619193.5,368910574.9,420059044.5,387692140.0,357330259.0,407596534.1,430003643.4,521260479.6,569671147.2,602538731.2,501578732.2
Cameroon,180577745.9,178198343.2,183796639.1,168175220.6,94517340.44,113575532.7,116936303.6,118711118.8,137245911.5,144704636.5,123034343.9,124301708.4,145626610.5,188499655.9,221107924.7,223084623.1,256927843.3,296698917.3,346586125.7,343265154.0,354054397.8,347477885.7,354447463.1,392840660.7,401529079.8,353815199.9,387437830.9,408157575.1
"Congo, Dem. Rep.",45933813.55,43891987.21,85527294.36,469173805.5,,,89269879.98,83825040.92,26629667.19,149277860.3,132883821.7,,,78708031.88,137637805.5,165205060.9,205102086.6,205217223.0,159998426.6,122378011.0,183682097.5,238787546.6,332493979.4,374475561.3,341224738.6,491276856.5,395733745.2,295236074.3
"Congo, Rep.",,,125617699.1,109477580.1,,,,,,,,54445943.53,70704230.2,93776668.96,124298437.4,100916074.5,126569641.8,168079588.2,207724344.3,,218390920.6,,,367057323.3,704893662.2,,501812144.9,371937055.1
Colombia,889979074.5,911467589.2,1102357227.0,1529432893.0,2005122888.0,2619338187.0,4318552316.0,2988711261.0,3389806738.0,3247296766.0,3027922793.0,3264438192.0,3347522602.0,3278369503.0,4056896991.0,4914190182.0,5326664238.0,6775762767.0,9051130502.0,9033202673.0,10422054494.0,10306578506.0,11706271913.0,12503812627.0,11845957098.0,9127165375.0,8675980823.0,10018029818.0
Comoros,,,,,,,,,,,,,,,,,,,,,,,,,,,,
Cabo Verde,,,3557902.66,2735413.4080000003,3431398.887,6206630.034,4261939.788,4099737.381,4513154.879,5004734.208000001,6801072.7979999995,4638556.172,4520858.938,5782831.642999999,6452150.492000001,7082416.5479999995,6985154.839,7943659.594,10758715.97,8402927.293,8239369.292,9757536.562,9736385.839,9815667.259,10049332.21,8922219.455,10171216.5,9354384.166000001
Costa Rica,0.0,0.0,0.0,0.0,0.0,0.0,0.0,0.0,0.0,0.0,0.0,0.0,0.0,0.0,0.0,0.0,0.0,0.0,0.0,0.0,0.0,0.0,0.0,0.0,0.0,0.0,0.0,0.0
Caribbean small states,,,,77754357.77,71806248.64,,,,,,,82145538.41,100872444.8,113479984.4,162040671.5,186300164.4,219665997.2,246993486.0,319035957.2,301655230.5,305046766.2,327552252.6,355159679.7,392549709.7,369393544.5,392126504.3,427200740.1,429494239.1
Cuba,,,,,,,,,,,,,,296933962.3,62047619.05,78557142.86,76587443.95,83365638.77,89057268.72,92462555.07,94277533.04,93744493.39,126872246.7,119383259.9,125638766.5,118370044.1,123656387.7,122552919.0
Curacao,,,,,,,,,,,,,,,,,,,,,,,,,,,,
Cayman Islands,,,,,,,,,,,,,,,,,,,,,,,,,,,,
Cyprus,411409063.3,418387368.7,630127106.0,268277271.6,298469126.9,298833385.5,448075909.3,534141188.7,483748645.1,289970367.0,281160374.3,327627160.3,242483491.0,288427605.8,338474566.3,380875028.8,387703672.0,405176368.5,453803054.2,471352781.1,477587428.6,479735318.4,414496321.4,384925361.0,357806840.0,327891760.0,295355010.0,357380920.8
Czech Republic,,,,815585466.9,938252776.6,1065352459.0,1123923831.0,988324331.8,1166099773.0,1205931870.0,1157294085.0,1182519922.0,1494390397.0,1885706689.0,2042085931.0,2439538514.0,2449963710.0,2707677752.0,2918695853.0,2718559513.0,2497902955.0,2474313259.0,2220610395.0,2148784401.0,2022883295.0,1779887189.0,1954935000.0,2077722061.0
Germany,42318768301.0,39516328623.0,41965836693.0,37215052110.0,36330284517.0,41158705095.0,38989886649.0,33217573925.0,33146457057.0,32604005638.0,28149990787.0,27425257940.0,29333207849.0,35055088179.0,38007611456.0,38054021788.0,38092382653.0,42551851943.0,48081444318.0,47470073335.0,46255521194.0,48140347951.0,46470870905.0,45930540563.0,46102673010.0,39812576245.0,41579494874.0,45381722042.0
Djibouti,31116187.73,31774522.99,33625739.22,31065546.56,30711058.34,29608206.12,24527208.38,26552855.32,26704778.84,26779052.56,26025061.75,26048131.62,33250994.54,41763775.81,37355742.99,44847260.59,49515814.11,34518711.91,36274835.28,,,,,,,,,
Dominica,,,,,,,,,,,,,,,,,,,,,,,,,,,,
Denmark,2649889473.0,2671946671.0,2837745377.0,2682011246.0,2718790042.0,3117966146.0,3086224945.0,2804317083.0,2846065338.0,2784881254.0,2392510831.0,2525225825.0,2694082493.0,3199158428.0,3578832460.0,3468452920.0,3896730668.0,4175652589.0,4788030121.0,4337355690.0,4503492127.0,4518590127.0,4422458084.0,4216647585.0,4056861511.0,3364047774.0,3592727944.0,3764033344.0
Dominican Republic,47798904.44,33894298.95,63127240.84,95993941.21,100956679.7,84449968.38,107001292.2,150664189.8,159053096.3,175000467.8,246810843.7,305900328.0,271663317.2,155802495.6,152878466.8,272200481.1,259240325.1,274775680.8,333538881.6,320855289.2,354856781.4,348559830.1,396187178.6,383380254.1,437572091.1,458007157.5,479722172.8,533077263.1
Algeria,904269155.2,565098062.6,1053301643.0,1276911083.0,1334911648.0,1234655192.0,1452431008.0,1752395278.0,1910962052.0,1826496570.0,1881163649.0,2091627274.0,2100602521.0,2206395762.0,2802224794.0,2924820167.0,3093978245.0,3945815125.0,5172336907.0,5280588156.0,5671309117.0,8652237040.0,9326287144.0,10161588239.0,9724379972.0,10412714003.0,10217081700.0,10073364021.0
East Asia & Pacific (excluding high income),17443884154.0,18343740488.0,22105236302.0,23389677478.0,23004238859.0,27349781671.0,30677054372.0,31346836050.0,29077162787.0,34354789091.0,37991772473.0,43204793160.0,49907795061.0,68525954401.0,79663666532.0,88717903585.0,66782238969.0,82941095953.0,103000000000.0,123000000000.0,135000000000.0,160000000000.0,184000000000.0,209000000000.0,229000000000.0,243000000000.0,246000000000.0,258000000000.0
Early-demographic dividend,81824560179.0,84912427500.0,86313344397.0,70809659745.0,71553811110.0,73126805211.0,76048408901.0,86685254411.0,89621248049.0,92222177526.0,99185359861.0,100000000000.0,92913956625.0,113000000000.0,129000000000.0,146000000000.0,125000000000.0,145000000000.0,163000000000.0,173000000000.0,194000000000.0,211000000000.0,228000000000.0,243000000000.0,255000000000.0,255000000000.0,235000000000.0,254000000000.0
East Asia & Pacific,74851232873.0,81670958372.0,90126446942.0,99090511654.0,105000000000.0,118000000000.0,117000000000.0,112000000000.0,99452853797.0,113000000000.0,119000000000.0,117000000000.0,124000000000.0,150000000000.0,169000000000.0,184000000000.0,163000000000.0,185000000000.0,213000000000.0,236000000000.0,260000000000.0,300000000000.0,324000000000.0,339000000000.0,361000000000.0,367000000000.0,378000000000.0,393000000000.0
Europe & Central Asia (excluding high income),,,,16149303810.0,21332072187.0,22509173536.0,26961905919.0,30862374505.0,21303474766.0,20452098399.0,22744755312.0,22874671106.0,27559841772.0,32598514932.0,38146826811.0,47355476408.0,57880808517.0,72517065372.0,89688098282.0,80710439035.0,89635276519.0,103000000000.0,115000000000.0,124000000000.0,119000000000.0,97079517784.0,99303623795.0,98245283622.0
Europe & Central Asia,,,,199000000000.0,208000000000.0,224000000000.0,229000000000.0,217000000000.0,208000000000.0,205000000000.0,190000000000.0,189000000000.0,209000000000.0,253000000000.0,288000000000.0,302000000000.0,320000000000.0,369000000000.0,413000000000.0,386000000000.0,383000000000.0,408000000000.0,402000000000.0,411000000000.0,407000000000.0,348000000000.0,351000000000.0,362000000000.0
Ecuador,202000000.0,209000000.0,211000000.0,276000000.0,291000000.0,475000000.0,419000000.0,499000000.0,549000000.0,296000000.0,266000000.0,384000000.0,505000000.0,739000000.0,710000000.0,954000000.0,950000000.0,1310000000.0,1646000000.0,1949000000.0,2094000000.0,2453700000.0,2589776000.0,2735825000.0,2786519000.0,2597510000.0,2513200000.0,2462700000.0
Egypt,2260645161.0,1345757343.0,1415819974.0,1526165392.0,1714409786.0,1948876986.0,2115742979.0,2267650314.0,2372048406.0,2447978794.0,2627698334.0,2834256230.0,2902768425.0,2383914898.0,2369743586.0,2659439714.0,2952520159.0,3306908257.0,3779880350.0,4017404478.0,4407286453.0,4463974191.0,4557748767.0,4359834244.0,5085120542.0,5475490833.0,4513022527.0,2765588434.0
Euro area,140000000000.0,138000000000.0,146000000000.0,130000000000.0,131000000000.0,144000000000.0,144000000000.0,129000000000.0,128000000000.0,127000000000.0,114000000000.0,112000000000.0,121000000000.0,149000000000.0,169000000000.0,171000000000.0,176000000000.0,197000000000.0,221000000000.0,215000000000.0,201000000000.0,208000000000.0,192000000000.0,193000000000.0,192000000000.0,164000000000.0,171000000000.0,183000000000.0
Eritrea,,,,107737649.2,80198311.21,124996349.9,152271808.6,92756319.41,263001685.7,272856734.6,230670129.9,166550245.4,150764425.2,181583669.0,,,,,,,,,,,,,,
Spain,11695038645.0,11680263754.0,12250195430.0,10041511353.0,10092671257.0,11439906271.0,11294316855.0,9865892241.0,10333417234.0,11113722490.0,10273779252.0,10222074075.0,10270839019.0,12880532801.0,15262458637.0,15997724220.0,17252217613.0,20065668635.0,22227721830.0,20178274985.0,19710785450.0,19695435494.0,18860623363.0,17242959322.0,17178549315.0,15188853150.0,14014439635.0,16043533257.0
Estonia,,,,13146559.88,25135735.38,36343487.58,41436607.71,53031652.18,59919847.48,73800541.32,78313308.56,93818539.9,122069530.7,171411923.9,204968180.2,265961745.8,315179053.3,444197516.0,505779818.3,434340865.2,332231196.9,389237580.9,436852911.6,479314460.8,512119045.1,463568814.5,497653404.3,537440226.9
Ethiopia,785048309.2,529033816.4,255343443.4,163850000.0,148691674.3,122460147.5,126454733.2,225417105.1,458549925.4,703704869.5,617541613.6,349808276.5,288932333.5,278673159.9,311038749.0,342066638.7,345687017.0,360140308.6,388187596.7,339627768.0,303617033.1,332441772.4,366539017.7,345064165.8,414476025.8,442551536.5,490177248.5,503158174.3
European Union,192000000000.0,193000000000.0,200000000000.0,177000000000.0,181000000000.0,194000000000.0,195000000000.0,180000000000.0,182000000000.0,179000000000.0,163000000000.0,162000000000.0,176000000000.0,214000000000.0,244000000000.0,249000000000.0,257000000000.0,291000000000.0,317000000000.0,298000000000.0,286000000000.0,297000000000.0,278000000000.0,278000000000.0,279000000000.0,244000000000.0,245000000000.0,257000000000.0
Fragile and conflict affected situations,5628613277.0,7322176202.0,7271030756.0,7202089238.0,,,7837091508.0,9106793992.0,10595222058.0,11809137984.0,13949146351.0,,,29382721297.0,36730207448.0,40338111644.0,8733903752.0,11101526593.0,14507932111.0,14053373364.0,12076704778.0,13350410039.0,16449796973.0,21901821911.0,21814358200.0,20556954653.0,17139676571.0,19451864579.0
Finland,2141300984.0,2200991549.0,2075955550.0,1615424809.0,1756338984.0,1908986807.0,2021797095.0,1947002590.0,1959708814.0,1653905119.0,1558135250.0,1479270879.0,1611406522.0,2475059743.0,2892938124.0,2999391049.0,3128517474.0,3296557750.0,3958118334.0,3940584835.0,3717180505.0,4099505807.0,3943239958.0,4161139945.0,3985508352.0,3399134967.0,3415008250.0,3429968212.0
Fiji,30542031.59,32482582.88,30539125.34,32041095.62,33665273.34,34700248.16,32851136.61,30962540.18,22598926.93,23811699.72,32039537.35,32811655.82,30914304.27,37296898.08,46798811.28,43111350.29,54067168.06,75576918.3,53585658.62,51285722.32,50408953.71,60785527.47,59221516.41,58108276.9,46079423.53,42418008.45,42649282.3,45705790.34
France,42589868779.0,42702599011.0,45123086054.0,42590872342.0,44392512323.0,47768110000.0,46403438584.0,41308251985.0,40041139680.0,38897240331.0,33814262023.0,33276659717.0,36403933933.0,45916973841.0,53007021661.0,52908769835.0,54516076830.0,60594986847.0,66009448127.0,66884028879.0,61781748108.0,64600927220.0,60035153811.0,62417099178.0,63613569143.0,55342131529.0,57358414419.0,60417498822.0
Faroe Islands,,,,,,,,,,,,,,,,,,,,,,,,,,,,
Micronesia,,,,,,,,,,,,,,,,,,,,,,,,,,,,
Gabon,,,,,,,,,,,91295212.2,90036137.23,94693165.45,108396421.2,125121856.6,118111430.5,130237717.3,,,,268738503.9,265965337.6,278143957.1,282163387.6,208124753.5,170374503.3,202815390.7,267430770.8
United Kingdom,38943795645.0,42074283749.0,40774938835.0,34085881363.0,34493524143.0,34247823782.0,34490949485.0,35674878363.0,36866288852.0,36453353008.0,35254814799.0,35331927360.0,39659529123.0,46942962291.0,53970302831.0,55151564188.0,57482975674.0,65986089657.0,65619450480.0,57914627858.0,58082848795.0,60270435687.0,58495656721.0,56861759588.0,59182858554.0,53862185493.0,48118943518.0,46433303401.0
Georgia,,,,,,,67706683.56,44007707.13,41084456.98,25882678.36,18824291.43,23829967.87,33975807.04,42647402.88,70419742.78,214071430.1,404172025.9,931750564.2,1090160251.0,603655214.9,454178215.2,468779626.8,491982529.4,441878927.0,415642426.2,299514176.3,315194446.3,308227183.5
Ghana,27612553.5,41427184.18,41663996.04,41004328.58,37823250.83,49054322.26,44417812.62,45483310.22,57453085.66,59277760.9,50882608.24,32352140.5,36975481.34,53244020.29,56353842.99,64196566.4,75732607.93,126077789.0,113668160.2,118290743.9,122480468.5,234327479.6,337260972.7,254997057.4,252653419.0,190515191.5,161751874.3,189129841.5
Gibraltar,,,,,,,,,,,,,,,,,,,,,,,,,,,,
Guinea,,71764178.4,55654040.29,43956503.99,45871747.51,,,44370189.81,45034483.32,55211186.39,45967931.21,87718398.82,98084865.17,84133949.31,81018570.1,,,,,,,,168913357.5,196818705.6,196945589.8,221414232.3,161856744.5,199317873.4
Gambia,3464911.1119999997,3996271.673,3501687.892,2556388.668,2316899.696,2886551.708,3929706.231,4176388.6980000003,4049572.023,3519056.437,3323532.172,2454230.2,2259285.664,1997861.937,1931395.5,2985085.0730000003,2786319.244,4547026.14,17163533.46,7095299.575,,,11173079.86,10378890.69,14599956.87,14288131.91,,
Guinea-Bissau,,,,,2016728.765,2211919.911,1897743.657,1817811.122,2900235.9510000004,,9531360.608,6183163.515,6363093.768999999,7505161.734,,12116374.83,,,,13744583.7,17129808.17,17519804.35,24491750.68,21710792.65,21470829.16,17036943.11,,
Equatorial Guinea,,,,,2379301.339,3447875.1789999995,,,,,,,,,,,,196314371.7,292754658.8,371927587.9,,,,,166540254.6,,18233154.2,
Greece,3193376484.0,3146899035.0,3623052915.0,3364413330.0,3587244914.0,4179913247.0,4613167577.0,4573516492.0,4824257169.0,5012285642.0,4564522446.0,4428103552.0,4734177215.0,5035585542.0,6267468787.0,7028428593.0,7607186182.0,8533090258.0,10574138499.0,10641348183.0,8163619387.0,7128608267.0,5914988423.0,5655183036.0,5531285909.0,4818121326.0,4963484464.0,5093788906.0
Grenada,,,,,,,,,,,,,,,,,,,,,,,,,,,,
Greenland,,,,,,,,,,,,,,,,,,,,,,,,,,,,
Guatemala,132196105.0,119310860.5,153753024.3,144445075.4,153011545.4,158348657.5,141370462.9,132112832.6,139804367.7,123754165.2,157848092.8,196765577.5,158368119.3,178771794.0,114893349.3,104467679.9,130546929.2,135925872.8,166494048.3,147410544.1,169798840.1,197433150.7,224366543.6,249757853.4,245672981.8,252455480.6,290912704.0,275014798.5
Guam,,,,,,,,,,,,,,,,,,,,,,,,,,,,
Guyana,3589328.49,2031374.3730000001,3625349.994,4436526.473999999,5485552.101,5691560.614,5558340.16,,,,12585649.29,14371052.9,16652243.46,16345330.57,22132238.74,18506566.6,19176973.64,24971954.12,30520593.42,31055650.89,31075055.49,32416747.54,33542606.6,35163485.79,39280999.18,46447838.13,51562130.82,59724939.47
High income,609000000000.0,597000000000.0,624000000000.0,598000000000.0,597000000000.0,610000000000.0,599000000000.0,589000000000.0,580000000000.0,590000000000.0,601000000000.0,605000000000.0,663000000000.0,772000000000.0,864000000000.0,920000000000.0,962000000000.0,1040000000000.0,1150000000000.0,1190000000000.0,1230000000000.0,1280000000000.0,1250000000000.0,1210000000000.0,1190000000000.0,1110000000000.0,1100000000000.0,1130000000000.0
Hong Kong ,,,,,,,,,,,,,,,,,,,,,,,,,,,,
Honduras,67120949.03,47398089.41,,40592869.13,,,,,,,52462396.89,62951976.58,63602176.06,82195176.79,60561786.64,62589274.81,75595918.54,95924340.17,132428400.6,156802557.3,170186979.7,200358405.9,212341274.3,294917779.4,314071900.2,356259475.5,363272338.5,398460128.4
Heavily indebted poor countries (HIPC),4757702034.0,3522538191.0,2145332027.0,2547853573.0,1621355698.0,1473607055.0,1700180261.0,1814603452.0,2278128552.0,2871721142.0,2824352742.0,2323662526.0,2386117156.0,2847407505.0,3943927941.0,4041915987.0,4885281803.0,6301159293.0,8176416377.0,7913543890.0,5201216707.0,5455659990.0,5521179381.0,6953091870.0,7576601060.0,8755786302.0,9948137357.0,11747528682.0
Croatia,,,782003661.3,1168936759.0,1625222365.0,2060388930.0,1938698897.0,1797184681.0,1427264827.0,1035949008.0,659775033.3,629464103.8,733680739.1,709399147.2,730867004.5,799160901.2,849431034.7,978853732.1,1295957074.0,1129098496.0,1015876654.0,1106464042.0,955320163.6,956952644.1,906625906.4,753544947.7,702005705.9,784300763.1
Haiti,2670400.0,2623227.387,1743605.937,1649639.3059999999,1599966.755,2478871.1890000002,,,,,,,,,,,,,,,,,,51595.847480000004,53511.5951,73562.29689,64514.31661,73613.49246000001
Hungary,847389246.9,722549153.4,812017967.2,735860385.6,757131989.3,612184817.1,585271901.8,695972460.9,618464380.0,702942491.1,715857664.8,845055673.8,1079154824.0,1401561253.0,1532612234.0,1596087843.0,1410071771.0,1776464117.0,1867877499.0,1475818169.0,1350820413.0,1472069832.0,1322277703.0,1280050962.0,1209801890.0,1132476292.0,1288676093.0,1463013911.0
IBRD only,81709930609.0,77877892586.0,83955769232.0,80391622669.0,90397052354.0,102000000000.0,111000000000.0,119000000000.0,109000000000.0,110000000000.0,117000000000.0,125000000000.0,124000000000.0,137000000000.0,160000000000.0,190000000000.0,223000000000.0,272000000000.0,332000000000.0,348000000000.0,394000000000.0,447000000000.0,485000000000.0,527000000000.0,539000000000.0,515000000000.0,516000000000.0,546000000000.0
IDA & IBRD total,93938160188.0,90710770377.0,96442934058.0,92660929773.0,104000000000.0,115000000000.0,125000000000.0,133000000000.0,124000000000.0,126000000000.0,135000000000.0,144000000000.0,145000000000.0,172000000000.0,202000000000.0,236000000000.0,238000000000.0,289000000000.0,353000000000.0,369000000000.0,414000000000.0,470000000000.0,509000000000.0,552000000000.0,567000000000.0,543000000000.0,545000000000.0,579000000000.0
IDA total,12228229579.0,12832877791.0,12487164825.0,12269307104.0,13400385127.0,12973835679.0,13641580654.0,13854110924.0,15320739052.0,16481845527.0,18102789374.0,18150306601.0,21206317620.0,35044160179.0,42284982129.0,46067154114.0,15170684125.0,17693939865.0,20821720367.0,21156723247.0,20511532537.0,23226317552.0,24500032997.0,25813478517.0,28166101581.0,28737879245.0,29446536226.0,32865877910.0
IDA blend,4029966723.0,4252949464.0,4449943588.0,4348579781.0,4323737259.0,5075528754.0,5153635973.0,5113438814.0,5091142989.0,4471037340.0,4193815244.0,4225019905.0,5408171402.0,5182392181.0,5744299549.0,6164172574.0,6831454770.0,7499182929.0,8207457327.0,7911145924.0,9462065394.0,10797708537.0,11658703265.0,12376257007.0,13636959928.0,13436097590.0,14161500781.0,15484267604.0
Indonesia,1613975396.0,1697029205.0,1887635966.0,1933304585.0,2239731575.0,2478753541.0,2874845238.0,3231358571.0,972702125.1,1135147005.0,1129542840.0,919022697.8,1369857129.0,2134746704.0,2428947795.0,2146270791.0,2611875117.0,3348758342.0,3232202215.0,3304459138.0,4663365759.0,5838026186.0,6531097955.0,8384028601.0,6929255301.0,7639095193.0,7385408685.0,8178144377.0
IDA only,8198262856.0,8579928327.0,8037221237.0,7920727323.0,9076647869.0,7898306924.0,8487944681.0,8740672110.0,10229596063.0,12010808187.0,13908974129.0,13925286696.0,15798146219.0,29861767998.0,36540682580.0,39902981540.0,8339229355.0,10194756936.0,12614263041.0,13245577323.0,11049467142.0,12428609015.0,12841329732.0,13437221510.0,14529141653.0,15301781655.0,15285035445.0,17381610306.0
Isle of Man,,,,,,,,,,,,,,,,,,,,,,,,,,,,
India,10537035450.0,8622473881.0,8083231410.0,8253542581.0,8880551226.0,9754464630.0,9904672736.0,11464883390.0,11920610818.0,13895562461.0,14287514241.0,14600642346.0,14749667252.0,16333986643.0,20238566527.0,23072312925.0,23951927958.0,28254773450.0,33002376727.0,38722154392.0,46090445657.0,49633815794.0,47216920048.0,47403528801.0,50914108341.0,51295483754.0,56637622641.0,64559435281.0
Not classified,,,,,,,,,,,,,,,,,,,,,,,,,,,,
Ireland,594006010.4,624932658.1,674035044.5,597723765.6,633699379.1,702039703.1,750987245.8,765305513.3,742402153.2,741508607.8,694674774.3,767778364.4,811255940.9,965199981.0,1101860647.0,1144978361.0,1190379117.0,1372225370.0,1582890834.0,1415725373.0,1274228688.0,1300331547.0,1157531730.0,1195763444.0,1192733691.0,997005656.0,1001610418.0,1025063447.0
Iran,16474401698.0,17549594830.0,19732558015.0,1448177703.0,1703171536.0,2501544190.0,3550986964.0,4642384616.0,5479362942.0,6650285144.0,8327053824.0,10378791766.0,3243891033.0,3717068450.0,5243621133.0,6796744965.0,8751474767.0,9330901882.0,11081950209.0,12584623339.0,13561272454.0,14277667361.0,16493963287.0,11997186984.0,9901105170.0,10588769671.0,12263957415.0,13931196490.0
Iraq,,,,,,,,,,,,,,,613724869.6,1120278533.0,1236081013.0,1989948747.0,3116304020.0,3237179487.0,3752905983.0,4278632479.0,4141066054.0,7780188679.0,6921269719.0,9604231011.0,5970383698.0,7416385135.0
Iceland,0.0,0.0,0.0,0.0,0.0,0.0,0.0,0.0,0.0,0.0,0.0,0.0,0.0,0.0,0.0,0.0,0.0,0.0,0.0,0.0,0.0,0.0,0.0,0.0,0.0,0.0,0.0,0.0
Israel,7375654517.0,10548894781.0,8262053674.0,8758471677.0,8780366219.0,8976693112.0,9601957420.0,9693753398.0,9145784898.0,8645271101.0,9407761463.0,9607416508.0,10090890495.0,10827490776.0,11127065294.0,10919173621.0,11558970817.0,12128941564.0,14191949919.0,14030376087.0,14605298604.0,16343210462.0,15567095862.0,17319707976.0,18485829607.0,16969432086.0,14783814748.0,15581608422.0
Italy,20734625579.0,21585706772.0,22177090390.0,18242013901.0,18062459082.0,17185853004.0,20793128832.0,20156102258.0,20825125352.0,21016456910.0,19878720932.0,19519381482.0,21610059762.0,26824213292.0,30261076655.0,29737642392.0,29633022263.0,31982431792.0,36839989746.0,34054481324.0,32020819951.0,33828804971.0,29781008205.0,29957445905.0,27701034335.0,22180845070.0,25033027895.0,26447892915.0
Jamaica,38609944.56,31891976.66,47192327.63,44542579.54,34218503.95,35298829.61,41791263.91,54854608.88,47640218.88,45131071.75,43566232.49,46374382.29,56898147.1,54845871.82,54533132.23,59329776.32,72645523.01,83511942.1,130699170.7,114808331.8,115571396.0,133638559.8,137635505.7,128431323.0,121309728.7,123854135.7,137649061.8,143545555.4
Jordan,322429005.4,433271745.1,367745484.8,391137488.4,407863026.7,299838515.5,417489421.7,444287729.2,496473906.9,511988716.5,529337094.5,528926645.6,521861777.2,611847672.8,586741890.0,603667136.8,701551481.0,1032440056.0,1358383580.0,1568309859.0,1557887324.0,1594788732.0,1472816901.0,1444929577.0,1548873239.0,1614929577.0,1768309859.0,1939718310.0
Japan,28800451682.0,32785415754.0,35999123576.0,41353936222.0,45285594083.0,49961673237.0,44047104680.0,40634840608.0,37849012643.0,43122898505.0,45509673827.0,40757967234.0,39333708170.0,42486177361.0,45339809415.0,44300613330.0,41552592886.0,40530045688.0,46361468280.0,51465158208.0,54655450735.0,60762213841.0,60011530195.0,49023932407.0,46881244398.0,42106103306.0,46471287714.0,45387031802.0
Kazakhstan,,,,,106926893.0,177686628.4,241771205.9,236752278.4,242646223.1,143905357.1,143527541.1,221486206.5,245956719.4,317564315.1,426441724.6,591985249.8,793027147.5,1359776099.0,1540810813.0,1271890276.0,1501815344.0,1803970782.0,2177543205.0,2551124375.0,2306464574.0,2046197674.0,1281103432.0,1390619095.0
Kenya,246456438.6,191908506.3,156036602.0,105704527.3,117331482.6,149096438.3,170804816.3,175834896.9,171964013.3,151917777.4,165584735.2,195365005.5,213894508.0,245938663.8,259807840.7,316799485.4,375807203.2,494684896.7,580011940.7,578071672.4,622049847.8,646678106.7,840072590.0,860560896.1,819044152.8,843667802.8,933103002.5,1015384782.0
Kyrgyz Republic,,,,,12086953.61,26712568.96,28276956.35,31158797.7,26092304.3,23133179.47,25794155.81,22212067.21,25933378.39,32603112.03,37238358.12,39718288.7,47207036.73,50909587.1,61124321.93,67213747.35,77237992.31,86423386.41,107529842.9,119000613.9,127970989.4,117003250.6,115645311.8,121515805.4
Cambodia,29090909.09,43294683.66,62293735.89,44626255.11,107258619.0,123101153.5,113563610.9,103419601.2,83323986.09,88172003.48,81025841.31,70846940.89,65182716.1,67525224.43,69218798.63,70959071.47,75881313.59,79015425.88,82630723.43,136589738.0,167857928.0,192159418.5,217305727.7,243470109.9,277969040.2,325188062.3,382100547.3,463810835.2
Kiribati,,,,,,,,,,,,,,,,,,,,,,,,,,,,
St. Kitts and Nevis,,,,,,,,,,,,,,,,,,,,,,,,,,,,
South Korea,10110714871.0,10956524348.0,11614665196.0,12377424873.0,13519265763.0,16085095679.0,16408665267.0,14848484530.0,10457957529.0,12095186824.0,13801107024.0,12941850828.0,14101703315.0,15847047272.0,17829864143.0,22159512557.0,25177237741.0,27726129585.0,26072410508.0,24575661939.0,28175181219.0,30991707946.0,31951760810.0,34311220715.0,37552328673.0,36570769323.0,36885283430.0,39170682136.0
Kuwait,8961536461.0,12924377966.0,6316012045.0,2980065532.0,3296055513.0,3692435533.0,3241385529.0,2454268845.0,2282153592.0,2286352512.0,2697075596.0,2685735278.0,2821521878.0,3130746413.0,3450118765.0,3509417808.0,3597816498.0,4115736734.0,4430342077.0,4208871206.0,4335204653.0,5393526319.0,5941536637.0,5698067233.0,5832249789.0,5735132890.0,6446742131.0,6764636914.0
Latin America & Caribbean (excluding high income),17073779191.0,14750811029.0,14226357404.0,17608028615.0,22325610610.0,26329171002.0,27178576184.0,26714279647.0,27620119225.0,22959280744.0,24873119144.0,25206483035.0,21023619765.0,20101932877.0,22403098611.0,29666459214.0,34644278970.0,42603001222.0,51655265419.0,51998870537.0,63790081089.0,68134901723.0,70059255297.0,73071684914.0,68350285983.0,55881150304.0,51394411288.0,58961249514.0
Lao PDR,,,102292611.3,107643979.1,116105380.4,103704532.2,78445466.01,67064556.58,33350210.56,15382947.39,13717664.6,12574570.78,11435617.47,11013340.9,11496967.52,11965988.44,13410565.06,14838865.54,16267888.96,13973614.53,15356402.95,19009820.6,20327157.66,22677720.33,,,,
Lebanon,214361038.7,229469731.0,442786331.1,452979280.6,637473438.6,746264054.1,735631013.6,678164279.5,693871897.5,829663624.8,930016583.7,958540630.2,907462686.6,923383084.6,954560530.7,962520729.7,1008955224.0,1152238806.0,1169485904.0,1426202322.0,1585406302.0,1626533997.0,1757213930.0,1935718241.0,2270065960.0,2239416094.0,2606456908.0,2441074857.0
Liberia,,25000000.0,22650000.0,30450000.0,39300000.0,,,,,,,,,,3182000.0,8025000.0,3925000.0,3486000.0,3907000.0,7193000.0,8458000.0,13271000.0,15179000.0,15111500.0,14531000.0,14799000.0,14712000.0,15334000.0
Libya,,,,,,,,1251990817.0,1443621758.0,1153487088.0,1085534665.0,819747993.6,452513614.8,541401766.5,685073220.1,690930769.3,614356296.2,639137046.2,1100068652.0,,,,2987413408.0,3964690154.0,3755658598.0,,,
St. Lucia,,,,,,,,,,,,,,,,,,,,,,,,,,,,
Latin America & Caribbean,18506705838.0,16136078538.0,15840980993.0,19435846807.0,24367305566.0,28777630396.0,29759534033.0,29528188544.0,30409740756.0,25688301446.0,27532548546.0,27636535011.0,23166928086.0,22473180208.0,25445610599.0,33211927448.0,39007996193.0,47166275173.0,57003945383.0,56616671844.0,69582884749.0,74792568030.0,76618759857.0,79857824789.0,74676451839.0,61683936829.0,57394922539.0,65699744992.0
Least developed countries: UN classification,6922861758.0,6414673956.0,5604466163.0,7970652235.0,7846287479.0,7051869116.0,7426692379.0,7931035215.0,9171404927.0,11825299097.0,13412647197.0,13134510345.0,14930347450.0,28628087747.0,35464835200.0,39356935033.0,8369069848.0,9990916189.0,13266382205.0,13501377111.0,11305349563.0,12509127535.0,15731297507.0,18302443940.0,19906143977.0,17422462570.0,16643525773.0,19055527699.0
Low income,4066569140.0,5253958939.0,5336677614.0,4448313848.0,4887794790.0,2631841409.0,2454383388.0,2598557911.0,3013250737.0,3453587483.0,3126229876.0,2953611630.0,3213299032.0,3815431227.0,3860272952.0,4049073476.0,4729003607.0,5559950895.0,6825231069.0,7195358575.0,7823522817.0,8805148285.0,5860738119.0,6688642867.0,7256044740.0,5136273177.0,4245294990.0,4462964171.0
Liechtenstein,,,,,,,,,,,,,,,,,,,,,,,,,,,,
Sri Lanka,187023405.7,277389023.8,326765473.6,354785171.2,437032405.1,763663963.7,767105591.7,698792770.9,733435634.7,631014150.1,822127365.6,675016502.0,571657950.2,541695589.6,619305492.4,644211825.1,791491040.7,1054816810.0,1511363007.0,1522232372.0,1532026109.0,1751910641.0,1474902628.0,1600841410.0,1914586604.0,2057866407.0,1741456650.0,1866534439.0
Lower middle income,27386541648.0,23295405395.0,22523778670.0,24672938990.0,26577764671.0,29526705201.0,31676877443.0,34367484674.0,32527300195.0,35714399546.0,37499733440.0,38279091447.0,41942683536.0,58827531776.0,70775667060.0,78865393320.0,50747297712.0,60218700097.0,70399779120.0,75408145407.0,84432259346.0,91713851372.0,96248712722.0,102000000000.0,108000000000.0,108000000000.0,114000000000.0,125000000000.0
Low & middle income,90949656624.0,87586945341.0,92143871855.0,87527846564.0,97866709786.0,108000000000.0,117000000000.0,125000000000.0,116000000000.0,119000000000.0,129000000000.0,137000000000.0,138000000000.0,165000000000.0,193000000000.0,226000000000.0,226000000000.0,275000000000.0,337000000000.0,356000000000.0,399000000000.0,453000000000.0,493000000000.0,535000000000.0,550000000000.0,527000000000.0,530000000000.0,561000000000.0
Lesotho,24165932.32,22308171.45,24237292.3,22140684.39,25853328.83,34373285.47,28347308.31,28700335.94,27807021.35,34078186.69,30555503.52,23390729.43,19559896.4,27363759.54,31386955.1,33619893.92,35224579.31,39834671.56,27350681.86,47399768.93,70661037.37,58169320.75,53240145.82,47941183.17,47693200.77,44025926.25,41489543.36,52594810.37
Late-demographic dividend,42954504524.0,45047160932.0,39692846226.0,47327909224.0,56919616142.0,65635807706.0,72631284904.0,77227970616.0,68157663357.0,65103608699.0,72454981731.0,81471834061.0,87725204683.0,96784019566.0,112000000000.0,133000000000.0,158000000000.0,196000000000.0,244000000000.0,258000000000.0,291000000000.0,335000000000.0,369000000000.0,405000000000.0,422000000000.0,380000000000.0,383000000000.0,400000000000.0
Lithuania,,,,20769763.77,21062271.38,30453612.5,42260000.0,75611000.0,138175000.0,106450000.0,140400000.0,166875000.0,181481441.2,210822413.2,270841799.8,303819006.4,351605788.8,442004493.3,541390194.6,404826028.7,326320918.7,344605215.4,328631681.6,354862149.7,426900271.7,471221026.9,635448102.4,812108700.0
Luxembourg,96691368.64,107736089.1,123217456.2,108089199.8,126000012.1,142256814.9,141495421.6,134075768.0,143139739.1,140758789.2,128192371.5,160284919.2,153404545.7,198637975.5,234676202.7,243744714.7,247133192.2,286051368.8,236720167.1,222959826.9,274135432.5,256962415.8,237503049.8,258655906.2,279019013.1,276145059.3,260729679.6,357671613.7
Latvia,,,,17691507.97,33900348.04,43560331.06,38154934.56,37988313.15,42180166.5,56568626.39,69990683.36,86966741.1,147224840.2,189144251.4,229353322.5,272551115.8,367825490.4,481492627.1,581752272.9,363809251.1,259672124.2,296834929.2,255740342.6,283568932.7,295728965.3,282688255.5,406859305.4,509390110.7
Macao ,,,,,,,,,,,,,,,,,,,,,,,,,,,,
St. Martin (French part),,,,,,,,,,,,,,,,,,,,,,,,,,,,
Morocco,1069720492.0,1148445710.0,1228526553.0,1251786538.0,1365250019.0,1437898701.0,1447128689.0,1400949501.0,1444959716.0,1207516610.0,859151483.2,1470317615.0,1474874326.0,1819230070.0,1937523822.0,2031131381.0,2134594876.0,2408350250.0,2944958473.0,3055069442.0,3160804832.0,3342698956.0,3402700836.0,4065552317.0,4048610929.0,3268363376.0,3327031890.0,3461461531.0
Monaco,,,,,,,,,,,,,,,,,,,,,,,,,,,,
Moldova,,,,,,13345789.4,15354611.16,17410750.98,10613141.68,5990984.994,5090797.96,5961865.823,6978372.204,8246742.5370000005,9378005.953,11960379.69,16449497.76,22718473.79,36845650.5,24906387.27,18335718.27,22966963.69,23870072.82,26710522.13,27565618.85,23051814.59,29656360.86,30629080.99
Madagascar,37948124.18,34707087.44,23102633.36,37830790.82,27580945.67,27170664.12,49442905.51,52544736.69,50446576.25,45036442.92,47210934.61,65037565.45,57743396.83,72517018.89,54471710.03,54018162.48,53914017.64,81936943.67,103271539.5,70985221.42,56922892.89,71989808.01,68636017.8,71877874.49,69676703.34,58932847.76,59394995.92,66906090.19
Maldives,,,,,,,,,,,,,,,,,,,,,,,,,,,,
Middle East & North Africa,59165538527.0,67750094771.0,60608956583.0,39549495272.0,39669119298.0,38022961315.0,39528143259.0,49712003964.0,53691356725.0,51751592609.0,57875656700.0,62343664234.0,53693332985.0,56740345495.0,63679210614.0,71185956483.0,79907305177.0,92654272932.0,108000000000.0,115000000000.0,126000000000.0,139000000000.0,154000000000.0,172000000000.0,183000000000.0,163000000000.0,136000000000.0,144000000000.0
Mexico,1327241698.0,1599507028.0,2000064622.0,2327305641.0,2888815805.0,1712924668.0,2063965155.0,2394152398.0,2480943604.0,2908141919.0,3323124172.0,3540226539.0,3479509029.0,3245342478.0,3129009392.0,3621523413.0,4082501468.0,4779835655.0,4939665939.0,4855514856.0,5897198481.0,6471388439.0,6978776719.0,7837613530.0,8663381606.0,7739521462.0,6019769275.0,5781437375.0
Marshall Islands,,,,,,,,,,,,,,,,,,,,,,,,,,,,
Middle income,86883087484.0,82332986401.0,86807194242.0,83079532716.0,92978914996.0,105000000000.0,115000000000.0,123000000000.0,113000000000.0,116000000000.0,126000000000.0,134000000000.0,135000000000.0,161000000000.0,189000000000.0,222000000000.0,221000000000.0,270000000000.0,330000000000.0,348000000000.0,391000000000.0,444000000000.0,487000000000.0,529000000000.0,543000000000.0,521000000000.0,525000000000.0,557000000000.0
North Macedonia,,,,,,,130636725.9,83254172.21,78991291.13,66236920.45,69828947.91,226303002.3,106309576.7,115827201.7,135256294.8,127003654.4,126008876.7,162567237.1,172658158.9,158716661.5,130021469.1,132461994.8,119410402.5,126506348.7,124185105.7,99983659.56,101492863.4,111826544.2
Mali,52155069.51,,,44497338.99,29898866.18,40468959.11,39683160.27,40262546.07,41020286.4,43852596.8,43681247.68,44881650.23,49355225.63,66758430.83,77420331.83,86450742.04,96004895.87,110376888.0,142919351.1,144434608.4,146786545.7,161062674.6,148865779.9,153833697.7,218118382.3,309170682.2,362398902.2,458709424.7
Malta,21152027.67,21744818.12,26692690.81,24637705.57,27870262.14,31144859.96,33296174.82,31142214.89,29081268.41,27986620.66,25353948.05,27119323.11,28403690.8,34125502.0,40526469.19,52498963.32,44434425.84,49263377.12,56032519.13,59110111.51,58728949.93,55893126.48,49922008.91,53789438.88,56514879.92,51796606.41,59672922.99,64235888.17
Myanmar,814025583.1,942677085.2,1370457677.0,2061809624.0,2801966892.0,3932079181.0,4675441102.0,4780529108.0,5873097951.0,6950081056.0,9030564409.0,9464417217.0,11000356816.0,24189109503.0,29853914083.0,32954262251.0,,,,,,,2969236076.0,2366989085.0,2372895303.0,2552370442.0,2455784120.0,2221961060.0
Middle East & North Africa (excluding high income),23973651073.0,25485869356.0,28847511037.0,9615943062.0,11480428475.0,10305380499.0,11552504467.0,14266542970.0,15714397096.0,16534094810.0,17969079399.0,21006532269.0,13822928320.0,14895915019.0,17799251116.0,20568797356.0,23297586768.0,26980442528.0,33267383030.0,35336902862.0,38062236170.0,43058914279.0,46439276405.0,48117797841.0,45878272261.0,44183408607.0,41653978701.0,42887738360.0
Montenegro,,,,,,,,,,,,,,,,60811819.13,62347815.51,64190474.63,85106382.98,76683387.91,75094861.9,79376663.82,67712201.3,64836243.08,67544018.04,56891427.3,61714551.61,65734886.38
Mongolia,,110838314.6,33041891.2,14057102.96,16393641.22,21281148.79,21608196.89,18692594.36,19920839.93,18021861.88,24265559.55,23124715.31,25282128.41,24333211.23,27749093.06,29797967.23,39189624.48,56561859.19,66749871.33,37633746.0,54855717.51,87157848.16,113622769.9,103464069.9,105102478.6,101705866.0,96365298.28,82755201.79
Northern Mariana Islands,,,,,,,,,,,,,,,,,,,,,,,,,,,,
Mozambique,84598999.67,71803523.25,59605412.17,59366482.2,72864691.92,33465088.27,36037790.98,42014622.82,49264817.34,56516191.65,55361458.44,50619215.98,53509586.96,59771342.55,77630605.86,62247951.09,57439135.78,68625364.26,83709455.73,84302809.4,99189931.71,118871183.0,139100553.3,157892114.4,173752180.8,119657390.7,112203469.3,128320232.4
Mauritania,40181617.44,39440703.49,39378674.16,30155786.96,29488165.08,31987855.25,37887510.75,41599441.57,25610687.83,31959678.11,37878312.26,51852489.35,36281137.41,62449150.29,,66659636.65,81906180.19,,123323383.8,114824329.4,,,142299912.3,144215483.5,144844330.7,132931217.7,136064876.0,143769318.6
Mauritius,9183570.491,10496859.89,11427598.44,10777425.2,11853856.26,13447369.48,12973518.09,9801826.445,8456738.925,9040808.71,9360142.631000001,8977215.381000001,9502035.912,10882927.44,10935141.92,10886148.05,10814271.43,11632288.74,15580188.94,15316115.87,14874416.91,17512018.39,16662229.62,23200896.38,19743974.92,21065693.01,22958748.56,23823068.18
Malawi,24312172.03,23704121.2,25238116.38,25728062.72,17060803.08,11047717.5,20152203.02,26407487.14,14474120.37,14402979.49,11727501.44,12681914.7,14815169.79,13118825.85,21965738.58,38213561.9,31090549.5,33599605.59,44464251.4,58797381.82,49984217.91,52804842.99,46155953.69,62925520.09,49454513.58,40793415.43,35748121.99,47416537.07
Malaysia,1125007856.0,1571959986.0,1766520896.0,1923398172.0,2120597807.0,2444098387.0,2420963934.0,2089087477.0,1158657313.0,1663289474.0,1533157895.0,1934473684.0,2237894737.0,2881578947.0,2823157895.0,3120337779.0,3266197406.0,3970537327.0,4411795565.0,3964817705.0,3854285351.0,4692483660.0,4507252007.0,4915722759.0,4919244942.0,4532069852.0,4169374001.0,3494832257.0
North America,318000000000.0,292000000000.0,316000000000.0,308000000000.0,298000000000.0,288000000000.0,280000000000.0,284000000000.0,282000000000.0,289000000000.0,310000000000.0,321000000000.0,365000000000.0,425000000000.0,476000000000.0,516000000000.0,542000000000.0,574000000000.0,640000000000.0,688000000000.0,717000000000.0,733000000000.0,705000000000.0,658000000000.0,628000000000.0,614000000000.0,618000000000.0,627000000000.0
Namibia,,144767719.8,124561274.3,70155520.33,56958995.16,68236520.19,66463535.19,83659580.38,78912428.46,105765957.2,92397796.49,96757182.45,87992258.58,129449089.5,166997177.9,192072120.8,199559185.1,228174673.6,266250021.2,299516030.2,396539101.4,443591424.5,412163503.6,389958736.7,537453813.3,518231065.4,425388449.6,457882191.3
New Caledonia,,,,,,,,,,,,,,,,,,,,,,,,,,,,
Niger,,,,,17471024.22,18431407.12,17398035.78,17304328.31,22035691.04,23550468.65,20084946.68,24828146.93,20660327.01,24604267.03,31611724.73,32798198.18,,,53630486.48,53000300.73,66889841.44,83947561.38,148865779.9,106064286.3,145600356.0,,166192292.3,200183930.0
Nigeria,277297783.5,243705781.0,173657679.3,289231103.9,319694489.9,639406630.6,701412878.6,818784525.3,1149684730.0,491671368.6,368644109.5,570632287.8,896913201.4,587461887.3,639990066.8,674208144.8,776148058.3,971321378.6,1615533211.0,1504486172.0,1990099669.0,2384936022.0,2316478200.0,2418760171.0,2357665891.0,2065557663.0,1723204266.0,1621218176.0
Nicaragua,1142475980.0,67668345.5,47200000.0,40210589.62,35401494.6,35119851.46,31533400.51,30270700.5,26271274.53,26927929.68,30825265.68,28193450.44,34831910.07,35307124.98,32628065.16,34123573.95,37285145.13,39472043.8,42659728.78,41721772.9,44272442.92,51453111.13,70132969.8,74532010.94,81391931.09,98932947.15,85073598.44,86725444.84
Netherlands,7420849636.0,7246192325.0,7904561273.0,7054868962.0,7137373801.0,8011539559.0,7829004728.0,6839136799.0,6836084823.0,7026433290.0,5971807629.0,6200391943.0,6728153969.0,8356338470.0,9377114724.0,9566980053.0,10217765740.0,11480377424.0,12374848940.0,12131812076.0,11220523280.0,11647934608.0,10364720787.0,10226260325.0,10332602878.0,8667849617.0,9115240932.0,9580685498.0
Norway,3394869435.0,3287551636.0,3803684930.0,3175583193.0,3403291213.0,3508040839.0,3537003416.0,3253032488.0,3324939365.0,3309198286.0,2922343510.0,2965973987.0,4065868548.0,4517514992.0,4887380337.0,4884904928.0,5011748967.0,5875288100.0,6370921986.0,6195603602.0,6498659038.0,7232260585.0,7143962183.0,7391829787.0,7334073604.0,5815228175.0,5997385048.0,6465750412.0
Nepal,37929191.13,35431485.71,37607537.89,37041837.42,39252998.63,39766584.51,39547026.04,42587851.99,42273075.89,47484957.37,51358135.31,64701738.38,85405885.72,102934146.2,130650327.9,159326023.8,157247689.5,169575397.1,187069695.8,209703502.0,254950072.1,284518851.1,256686839.5,281038425.7,328115662.2,323797729.6,356495278.6,404705219.5
Nauru,,,,,,,,,,,,,,,,,,,,,,,,,,,,
New Zealand,1057749672.0,989033810.0,870398917.2,866788074.6,979531817.0,1146415728.0,1238271987.0,1180888907.0,969356349.5,970306042.0,858414919.5,796636889.1,865788853.0,1132832007.0,1285163189.0,1389770959.0,1463950819.0,1713995943.0,1661242822.0,1623013593.0,1930748002.0,2080091009.0,2094946041.0,2134105838.0,2274148859.0,1943757736.0,2093352062.0,2328156653.0
OECD members,576000000000.0,561000000000.0,595000000000.0,570000000000.0,568000000000.0,581000000000.0,571000000000.0,554000000000.0,546000000000.0,560000000000.0,569000000000.0,570000000000.0,632000000000.0,740000000000.0,829000000000.0,880000000000.0,919000000000.0,993000000000.0,1100000000000.0,1130000000000.0,1160000000000.0,1200000000000.0,1160000000000.0,1100000000000.0,1080000000000.0,1010000000000.0,1020000000000.0,1050000000000.0
Oman,1447919376.0,1254811443.0,1517165150.0,1439921977.0,1520091027.0,1513849155.0,1437191157.0,1482054616.0,1318205462.0,1340442133.0,1577243173.0,1819895969.0,1868465540.0,1969310793.0,2230689207.0,2739011704.0,3022626788.0,3244603381.0,3462483745.0,3367490247.0,3671391417.0,5000715215.0,9250650195.0,8766319896.0,8213524057.0,7533550065.0,7935955787.0,6802665800.0
Other small states,,,,1181034800.0,1241572243.0,1321905494.0,1492967640.0,1665571036.0,1567182738.0,1405242372.0,1476880365.0,1538111279.0,2336006316.0,2716234095.0,2840470034.0,3197518931.0,3541094594.0,4420949379.0,5600124148.0,5382383419.0,5314373065.0,3764836894.0,3828862888.0,3965664123.0,4512570500.0,4074979973.0,4184199984.0,
Pakistan,2810101624.0,3067123794.0,3388776373.0,3308760745.0,3320617929.0,3665932427.0,3547799671.0,3320238863.0,3218881738.0,3080764514.0,2973072722.0,2842046790.0,3273401893.0,3722814794.0,4128195489.0,4587117425.0,4969197611.0,5342575138.0,5226678787.0,5274564971.0,5974613176.0,6954787511.0,7478971082.0,7645455529.0,8654930762.0,9483482373.0,9973768059.0,11461253917.0
Panama,73100000.0,78600000.0,78800000.0,95200000.0,101000000.0,96600000.0,101200000.0,118000000.0,104000000.0,111600000.0,0.0,0.0,0.0,0.0,0.0,0.0,0.0,0.0,0.0,0.0,0.0,0.0,0.0,0.0,0.0,0.0,0.0,0.0
Peru,777066944.8,697734627.8,904617805.0,956586465.0,1111161731.0,1413463629.0,1396469289.0,1178753608.0,1141808874.0,992217726.3,912005730.7,904235449.1,839613251.8,891253913.4,922046074.5,1203039421.0,1291060140.0,1332655376.0,1503663891.0,1848562930.0,2178945723.0,2355167834.0,2857983382.0,3305451871.0,3217579346.0,3312214570.0,2536072335.0,2665785313.0
Philippines,951481870.0,913219741.9,1078843704.0,1173017500.0,1392199022.0,1700402497.0,1879303176.0,1576447115.0,1225561281.0,1341016654.0,1303077685.0,1122103992.0,1199121767.0,1301286084.0,1243221348.0,1372702435.0,1607271267.0,2014371029.0,2270904919.0,2115785124.0,2438189569.0,2701492158.0,2898685257.0,3377027861.0,3103128266.0,3335552977.0,4357991313.0,3755351173.0
Palau,,,,,,,,,,,,,,,,,,,,,,,,,,,,
Papua New Guinea,68691099.48,52642141.66,58569676.66,68596992.16,83255878.34,56405488.19,78744873.28,79556597.15,49720532.99,35678026.43,33606981.63,25230765.6,17020861.47,19307132.13,24421729.44,30464707.68,31307966.36,39287099.33,39332022.27,52048171.78,46335624.37,64193136.14,110623185.3,105100890.6,112375527.6,99840642.68,79051319.31,71907641.56
Poland,1540736842.0,1721995821.0,1881935067.0,2123378416.0,2251923178.0,2719362634.0,3083416787.0,3192276377.0,3491022616.0,3226555351.0,3146106713.0,3630645595.0,3776173214.0,4150261759.0,4778627749.0,5896404861.0,6619413759.0,8589136364.0,9349421394.0,7903812008.0,8790170132.0,9455422988.0,8986838792.0,9275711727.0,10345153575.0,10212785781.0,9164190587.0,9870680628.0
Pre-demographic dividend,4771894025.0,4050240467.0,2689576654.0,4226109874.0,2251644396.0,2087386762.0,2303553763.0,2707359210.0,2912012465.0,3534391912.0,2943330107.0,2764998588.0,3283060416.0,3666436814.0,5582172254.0,6790746260.0,9024625898.0,11674115873.0,16762333514.0,16454226930.0,14670807167.0,16148704930.0,16385564270.0,23465402718.0,24195384348.0,24252553280.0,19707109971.0,23034160650.0
Puerto Rico,,,,,,,,,,,,,,,,,,,,,,,,,,,,
North Korea,,,,,,,,,,,,,,,,,,,,,,,,,,,,
Portugal,1875087897.0,2115383815.0,2532649406.0,2192208142.0,2173634730.0,2670121572.0,2600849533.0,2388687811.0,2335597096.0,2406493740.0,2204256495.0,2324811411.0,2602230483.0,3109812942.0,3719431562.0,4039322489.0,4066783668.0,4366184075.0,4812099462.0,4949690419.0,4718924038.0,4904393519.0,4137254045.0,4724102082.0,4111548064.0,3565420872.0,3569059626.0,3646515110.0
Paraguay,112234255.7,197613496.8,169556285.2,157930499.3,161100272.3,206926409.3,202012224.8,167982106.9,139262988.0,116553254.9,110248167.2,91298893.93,69892741.29,63511880.06,84466986.26,77468937.97,106557406.1,132393616.2,168154857.4,168486261.9,204605254.8,285106240.8,320909756.6,371215575.4,398370979.3,386538864.3,343232340.6,348179657.5
West Bank and Gaza,,,,,,,,,,,,,,,,,,,,,,,,,,,,
Pacific island small states,,,,,,,,,,,,,,,,,,,,,,,,,,,,
Post-demographic dividend,562000000000.0,542000000000.0,578000000000.0,552000000000.0,552000000000.0,565000000000.0,553000000000.0,536000000000.0,526000000000.0,539000000000.0,546000000000.0,549000000000.0,610000000000.0,716000000000.0,803000000000.0,852000000000.0,888000000000.0,959000000000.0,1060000000000.0,1090000000000.0,1120000000000.0,1160000000000.0,1120000000000.0,1060000000000.0,1030000000000.0,971000000000.0,984000000000.0,1010000000000.0
French Polynesia,,,,,,,,,,,,,,,,,,,,,,,,,,,,
Qatar,790796703.3,895631868.1,,,,,,,,,,,760989011.0,784615384.6,772362637.4,887500000.0,1065741758.0,1562225275.0,2317500000.0,1948351648.0,1876758242.0,,,,,,,
Romania,1739025771.0,1377194085.0,831620409.6,722451519.7,936686222.5,983140541.4,874451238.9,1074785782.0,1254227893.0,955337577.0,935569610.3,985657655.7,1056136062.0,1250327559.0,1530183904.0,1975975151.0,2251493425.0,2607689942.0,3000404945.0,2225144540.0,2086220460.0,2379871482.0,2102886223.0,2452512981.0,2691470287.0,2580594158.0,2644159836.0,3622068492.0
Russian Federation,,,,7766720078.0,13547871733.0,12741629470.0,15826340652.0,17577353181.0,7955730401.0,6469035211.0,9228204144.0,11683151345.0,13943825063.0,16973739085.0,20955413571.0,27336977274.0,34517781619.0,43534994996.0,56183785393.0,51532116798.0,58720227609.0,70237523951.0,81469399931.0,88352896464.0,84696504653.0,66418708184.0,69245309461.0,66527303992.0
Rwanda,95132735.43,105333802.1,88570170.0,89436136.36,40510575.39,56449336.72,73658822.76,77272576.53,87091837.06,80852363.58,61329857.12,56885903.13,51118614.12,45196268.98,41215761.05,44996351.89,54557648.04,55580440.8,67660359.62,75278486.05,74514417.29,75383928.56,79793910.09,82480715.58,90937755.73,103563214.7,107278618.7,115716812.4
South Asia,13945113110.0,12384138295.0,12264104419.0,12425175007.0,13224872081.0,14843922761.0,14898083870.0,16208417999.0,16616786868.0,18392238657.0,18874870624.0,18887889072.0,19361949143.0,21420874130.0,26012470554.0,29359373061.0,30830893326.0,35994785233.0,41198040830.0,47239315908.0,55774806952.0,60752379602.0,58489489059.0,59196047345.0,64435959968.0,66175430519.0,72134959697.0,82077343949.0
Saudi Arabia,16355466667.0,16355466667.0,15360266667.0,16451200000.0,14279733333.0,13200266667.0,13340000000.0,18126666667.0,20861600000.0,18320000000.0,19964266667.0,21026666667.0,18501866667.0,18747466667.0,20910400000.0,25392038601.0,29580507343.0,35469513009.0,38222933333.0,41267200000.0,45244533333.0,48530933333.0,56497866667.0,67020000000.0,80762400000.0,87185866667.0,63672800000.0,70400000000.0
Sudan,1177777778.0,1365798115.0,183718440.7,257981093.9,226167004.5,138756425.7,106332797.7,97731859.32,259957570.1,429617897.4,587267572.3,388091317.4,484607263.0,398110221.7,1240766949.0,1164995936.0,1647839194.0,2427072595.0,3228000000.0,3180483010.0,,,,,,2279621640.0,2748511976.0,4382998817.0
Senegal,118215709.0,110014994.3,109772868.1,119937986.2,66146738.59,80915880.66,79774881.15,70800402.28,75090854.85,78285006.15,62361652.64,68891286.82,74361395.03,96856503.79,107553687.9,124403755.3,148555145.4,192807975.5,216870289.5,214824243.0,195732892.9,230190350.7,196661489.0,236737916.0,239893611.6,214827965.2,304764264.2,305441261.6
Singapore,1801901210.0,2022806865.0,2332148536.0,2481448703.0,2797163882.0,3672797697.0,4100238291.0,4457304302.0,4466270315.0,4493173880.0,4330726931.0,4309127542.0,4528116431.0,4723679528.0,5043396461.0,5463830810.0,5830527462.0,6518528963.0,7454324103.0,7537761858.0,8108851420.0,8922267805.0,9171948019.0,9345680492.0,9596602344.0,9383830669.0,9873331564.0,10195721999.0
Solomon Islands,,,,,,,,,,,,,,,,,,,,,,,,,,,,
Sierra Leone,12387253.54,23179749.72,26661754.52,23339131.11,26495551.69,25023304.59,18592815.28,9490749.703,,,23310804.35,29911134.61,27133961.88,28467933.59,22961537.04,23552130.23,28022458.48,29076876.18,23645736.56,26405564.66,25062278.63,25476183.91,29758934.08,31684939.41,48810630.79,39226514.27,37414732.17,39577826.0
El Salvador,163886690.4,145127188.6,134193736.7,116470035.6,109334519.6,111636298.9,110830676.2,112211743.8,110830676.2,114743701.1,110370320.3,150651459.1,161700000.0,126600000.0,128000000.0,132900000.0,142100000.0,165600000.0,173000000.0,189900000.0,201000000.0,220700000.0,224300000.0,237500000.0,233900000.0,247700000.0,247600000.0,260900000.0
San Marino,,,,,,,,,,,,,,,,,,,,,,,,,,,,
Somalia,,,,,,,,,,,,,,,,,,,,,,,,26050000.0,60258000.0,46614000.0,47706000.0,60406000.0
Serbia,,,,,,,,914364967.9,642122263.4,737469450.8,337080608.4,494069226.5,678511699.8,730567122.9,739172065.1,629500942.8,705062714.3,971570564.6,1111631538.0,974288479.2,872339631.7,986958193.7,853622633.2,919809908.3,913368512.8,724151880.2,710397717.1,801700087.2
Sub-Saharan Africa (excluding high income),10664269382.0,9342349181.0,7411657272.0,8339718592.0,6499487573.0,6187604533.0,5710615260.0,6093501182.0,6053235044.0,6728985238.0,6350708383.0,5746794114.0,6561325658.0,7427343620.0,9304737032.0,10394213335.0,12498186342.0,14164248907.0,17956284790.0,17831275367.0,16590195672.0,18223430234.0,18751443006.0,21739346175.0,23245601767.0,20233906684.0,19101394125.0,21610583992.0
South Sudan,,,,,,,,,,,,,,,,,551454504.4,587966866.7,896390706.9,609898632.6,650910667.8,1052721970.0,988225988.7,981983050.8,1301525424.0,1151920377.0,135338143.6,72388104.57
Sub-Saharan Africa,10679109457.0,9358910888.0,7432157156.0,8352668435.0,6511374769.0,6199196374.0,5721158562.0,6104899536.0,6063777422.0,6740075385.0,6361034224.0,5757859510.0,6573025593.0,7439582729.0,9320664305.0,10408940608.0,12512552729.0,14179425610.0,17967409600.0,17839926570.0,16597353232.0,18232142939.0,18761367116.0,21753112627.0,23278199397.0,20254523519.0,19128112584.0,21632842537.0
Small states,,,,1290830254.0,1347043765.0,1405649008.0,1581134256.0,,,,1572187909.0,1653068473.0,2467793065.0,2867010977.0,3049309516.0,3426930446.0,3814827759.0,4743519784.0,5972745764.0,5735324372.0,5669828785.0,4153174674.0,4243244084.0,4416322109.0,4928043468.0,4509524486.0,,
Sao Tome and Principe,,,,,,,,,,,,,,,,,,,,,,,,,,,,
Suriname,,,,,,,,,,,,,,,,,,,,,,,,,,,,
Slovak Republic,,,,266899036.6,299993419.1,629622682.6,641559871.1,499529506.7,397592215.7,327169170.9,342322768.9,393996598.3,440059286.0,624508454.6,711290428.0,823313455.4,911370626.8,1139194488.0,1411710285.0,1350294439.0,1137680536.0,1064842811.0,1020180035.0,967923107.9,997703821.8,985915493.0,1003048084.0,1049074347.0
Slovenia,,,281422738.5,230303671.6,237949504.1,334655022.9,329972648.3,290785271.8,301139822.2,274841827.8,222391556.8,271488790.4,326959522.8,416906753.7,493153892.9,514172799.5,608833753.4,692654912.6,829384406.9,798868642.2,772085107.5,665679671.4,543496416.5,506742932.1,486194870.4,400771875.3,449177539.1,473796757.2
Sweden,6169504240.0,6219460369.0,6418628291.0,5011158320.0,5154504230.0,5729770498.0,6203436943.0,5203218383.0,5132285182.0,5148727432.0,4789440137.0,4128046006.0,4354573015.0,5305640404.0,5514710385.0,5518466926.0,5577203266.0,6386221162.0,6024791006.0,5062962024.0,5885935800.0,6324747364.0,6243671605.0,6528737467.0,6555518064.0,5387123174.0,5427549191.0,5526592999.0
Eswatini,14223211.66,16006837.31,20976434.16,23724347.71,25804044.16,28769619.72,26486561.92,25662115.12,25731330.54,25853264.11,24471060.53,19665055.21,18338440.52,31927690.93,42695547.31,59471673.9,58520575.05,61877516.72,66657830.2,75911617.99,102032175.0,106629408.9,90639795.27,86040376.76,81355330.93,73527854.06,72447621.01,88678493.74
Sint Maarten (Dutch part),,,,,,,,,,,,,,,,,,,,,,,,,,,,
Seychelles,14840075.7,16561706.54,20499884.81,12949843.0,11887196.24,11591841.19,10543301.99,11398353.47,10542378.74,11090147.46,10325841.56,11065396.05,11699935.95,12239108.86,15927272.73,14727272.73,14366386.52,15176703.39,11124810.2,8651202.434,7157559.7870000005,8712704.951,9924109.749,13766451.32,32597630.82,20616835.38,26718458.5,22258545.47
Syrian Arab Republic,1641781737.0,2893808463.0,2976570156.0,1426095238.0,1636299776.0,957899818.9,995089040.9,1046927961.0,1096039533.0,1127632857.0,897044908.7,1022526578.0,1102912157.0,1436210734.0,1388544983.0,1450324657.0,1435215692.0,1599033723.0,1732416848.0,2181974581.0,2346021283.0,2494887483.0,,,,,,
Turks and Caicos Islands,,,,,,,,,,,,,,,,,,,,,,,,,,,,
Chad,34341542.25,,35324074.77,39200036.73,22153979.16,20034138.17,24826410.61,16619008.38,16103004.99,20951796.25,21349034.24,26192330.83,34290403.85,40949759.12,50540901.22,55491517.97,222991451.4,389135909.6,611426848.7,738903737.1,615817007.5,609706993.1,,726459396.0,392382917.2,220982331.6,309567431.7,219081031.4
East Asia & Pacific (IDA & IBRD countries),17443884154.0,18343740488.0,22105236302.0,23389677478.0,23004238859.0,27349781671.0,30677054372.0,31346836050.0,29077162787.0,34354789091.0,37991772473.0,43204793160.0,49907795061.0,68525954401.0,79663666532.0,88717903585.0,66782238969.0,82941095953.0,103000000000.0,123000000000.0,135000000000.0,160000000000.0,184000000000.0,209000000000.0,229000000000.0,243000000000.0,246000000000.0,258000000000.0
Europe & Central Asia (IDA & IBRD countries),,,,19441618985.0,25209217730.0,27288925100.0,31984021604.0,35851835562.0,26221762209.0,24714602758.0,26550637058.0,27134780805.0,32069695726.0,37458175838.0,43656321565.0,54051042170.0,65349653311.0,82085055468.0,100000000000.0,89743349539.0,99441323305.0,113000000000.0,125000000000.0,134000000000.0,131000000000.0,108000000000.0,109000000000.0,109000000000.0
Togo,50748351.79,45904568.12,49113686.85,50147794.73,25396024.89,30852572.78,,,,,,,,28831211.29,31719621.04,33238035.29,,,57009189.27,55130817.09,56832843.04,59018874.0,62931049.68,72419237.31,83080003.64,69977174.74,82019690.41,88414114.92
Thailand,2214017705.0,2598337174.0,2961769836.0,3156299863.0,3611133201.0,3849025896.0,3938047248.0,3264802658.0,2110239752.0,2056847122.0,1881009454.0,1724799637.0,1812993336.0,1891520588.0,1866937328.0,1984492828.0,2441917005.0,3522634436.0,4465994062.0,4799654668.0,4962419956.0,5512983861.0,5491915221.0,5901296947.0,5729784358.0,5724812311.0,5876294938.0,6305880241.0
Tajikistan,,,1037058.642,23498175.22,14182891.53,5803400.646000001,13458544.84,19050989.36,22613230.32,15126152.26,10353281.16,12468225.56,25577668.2,34788346.39,45110098.94,,,,52467120.6,47529274.32,53756933.71,71342116.79,76260471.83,,104280654.0,95763184.88,,
Turkmenistan,,,,,79583333.33,135612612.6,48549386.5,106190591.1,87510040.16,111923076.9,,,,,,,,,,,,,,,,,,
Latin America & the Caribbean (IDA & IBRD countries),18506705838.0,16136078538.0,15840980993.0,19435846807.0,24367305566.0,28777630396.0,29759534033.0,29528188544.0,30409740756.0,25688301446.0,27532548546.0,27636535011.0,23166928086.0,22176246246.0,25383562980.0,33133370305.0,38931408749.0,47082909534.0,56914888114.0,56524209289.0,69488607216.0,74698823536.0,76491887610.0,79738441529.0,74550813073.0,61565566785.0,57271266152.0,65577192073.0
Timor-Leste,,,,,,,,,,,,,,,,8230000.0,17105000.0,23735000.0,23651000.0,36481000.0,26389000.0,20530000.0,33388000.0,31683000.0,29624000.0,36959000.0,26217000.0,25442000.0
Middle East & North Africa (IDA & IBRD countries),23973651073.0,25485869356.0,28847511037.0,9615943062.0,11480428475.0,10305380499.0,11552504467.0,14266542970.0,15714397096.0,16534094810.0,17969079399.0,21006532269.0,13822928320.0,14895915019.0,17799251116.0,20568797356.0,23297586768.0,26980442528.0,33267383030.0,35336902862.0,38062236170.0,43058914279.0,46439276405.0,48117797841.0,45878272261.0,44183408607.0,41653978701.0,42887738360.0
Tonga,,,,,,,,,,,,,,,,,,,,,,,,,,,,
South Asia (IDA & IBRD),13945113110.0,12384138295.0,12264104419.0,12425175007.0,13224872081.0,14843922761.0,14898083870.0,16208417999.0,16616786868.0,18392238657.0,18874870624.0,18887889072.0,19361949143.0,21420874130.0,26012470554.0,29359373061.0,30830893326.0,35994785233.0,41198040830.0,47239315908.0,55774806952.0,60752379602.0,58489489059.0,59196047345.0,64435959968.0,66175430519.0,72134959697.0,82077343949.0
Sub-Saharan Africa (IDA & IBRD countries),10679109457.0,9358910888.0,7432157156.0,8352668435.0,6511374769.0,6199196374.0,5721158562.0,6104899536.0,6063777422.0,6740075385.0,6361034224.0,5757859510.0,6573025593.0,7439582729.0,9320664305.0,10408940608.0,12512552729.0,14179425610.0,17967409600.0,17839926570.0,16597353232.0,18232142939.0,18761367116.0,21753112627.0,23278199397.0,20254523519.0,19128112584.0,21632842537.0
Trinidad and Tobago,,,,22644876.75,24202817.59,,,,,,,13945440.72,19492116.74,33736557.0,75889150.48,97752858.93,115560463.1,124750514.8,139098455.7,138523710.2,143063064.8,146080695.2,168762442.5,211176025.9,188885941.7,202106905.5,216276660.0,202766994.3
Tunisia,247855881.5,260431030.7,289677115.2,276167134.9,297068854.7,342902458.4,397469509.2,358166577.8,365849374.7,357013395.4,332389762.7,335647906.8,345424236.7,407385561.1,444651416.7,468464580.0,497212664.0,490650558.8,578911487.3,564775933.7,571189045.7,715239597.1,681225950.6,759358881.2,908357287.6,979494041.9,987734705.2,858949581.3
Turkey,5315413395.0,5670666520.0,6157947273.0,7075086940.0,5293173966.0,6606245815.0,7512090796.0,7791986304.0,8781048158.0,9951788874.0,9993730197.0,7216051045.0,9050377182.0,10277901778.0,10920773882.0,12081156314.0,13363298981.0,15319161863.0,17127313222.0,16352301844.0,17939370512.0,17304881561.0,17958240406.0,18662574078.0,17772167745.0,15880927524.0,17853980850.0,17824007487.0
Tuvalu,,,,,,,,,,,,,,,,,,,,,,,,,,,,
Tanzania,87154458.21,108141651.9,96907036.42,58725701.62,58375569.77,85513656.09,101038489.5,118603807.7,134276958.1,128497943.6,135055952.6,150728196.3,140753561.8,125254713.9,127567862.8,139493591.3,147417924.8,166215543.3,194000300.9,219476865.3,282725098.8,307473984.2,359739418.8,443379945.5,507287182.6,517075761.8,544218297.9,611215551.9
Uganda,107006214.2,73561599.98,52331345.97,62636650.43,104127847.9,127002622.5,135393564.5,139615977.7,154712531.5,159704570.3,141303025.9,136157342.5,142191594.1,152379921.8,196015853.7,216667041.1,218533948.5,252119246.4,311856269.3,293527670.7,608685868.6,607135070.9,351838247.0,300075573.4,325662842.0,306140404.6,318551679.3,346762883.8
Ukraine,,,,152233866.5,919044682.1,1046793431.0,1464905136.0,2068583952.0,1405161785.0,941788284.1,1136716646.0,1088575173.0,1176355738.0,1427984751.0,1685034159.0,2405492582.0,2986475248.0,4096039604.0,4811019855.0,3452467130.0,3729503859.0,3684691424.0,4136888486.0,4386463155.0,4033331370.0,3616896001.0,3423286811.0,3647565178.0
Upper middle income,59496545836.0,59037581006.0,64283415572.0,58406593726.0,66401150324.0,75366487391.0,82847479241.0,88525909768.0,80844624854.0,80253499910.0,88178342019.0,95694459680.0,93081477151.0,102000000000.0,119000000000.0,143000000000.0,170000000000.0,209000000000.0,260000000000.0,273000000000.0,306000000000.0,352000000000.0,391000000000.0,426000000000.0,435000000000.0,413000000000.0,411000000000.0,432000000000.0
Uruguay,328351062.0,268628014.6,366965197.8,418919639.0,450443306.0,523862025.5,575652014.7,575206289.5,573248407.6,574285890.7,555968792.4,523008311.4,344263066.3,269526777.2,279301971.5,347323784.9,392798690.7,416045332.5,567703932.8,577056008.5,755659469.7,824833542.2,924640335.6,1045084368.0,1034500559.0,969906845.5,988223629.6,1165710349.0
United States,306000000000.0,280000000000.0,305000000000.0,298000000000.0,288000000000.0,279000000000.0,271000000000.0,276000000000.0,274000000000.0,281000000000.0,302000000000.0,313000000000.0,357000000000.0,415000000000.0,465000000000.0,503000000000.0,528000000000.0,557000000000.0,621000000000.0,669000000000.0,698000000000.0,711000000000.0,685000000000.0,640000000000.0,610000000000.0,596000000000.0,600000000000.0,606000000000.0
Uzbekistan,,,,,86929824.56,112678421.5,172211545.7,217747190.7,,250071736.0,115375384.6,59760610.47,45914432.99,54133695.46,,,,,,,,,,,,,,
St. Vincent and the Grenadines,,,,,,,,,,,,,,,,,,,,,,,,,,,,
Venezuela,737870454.7,983721953.4,992932485.0,1287954761.0,939683231.4,1198810237.0,733197556.0,1541033864.0,1450963992.0,1408064716.0,1788322080.0,1911400137.0,1071363969.0,987890177.7,1448715983.0,2665390597.0,3630088496.0,4351560317.0,5660456451.0,4055379599.0,3991194835.0,3577531587.0,5114847100.0,6199698500.0,1554727108.0,320539158.0,218154892.9,464821762.6
British Virgin Islands,,,,,,,,,,,,,,,,,,,,,,,,,,,,
Virgin Islands (U.S.),,,,,,,,,,,,,,,,,,,,,,,,,,,,
Vietnam,511970136.4,427617814.1,332970309.4,297716380.0,431345012.2,,,,,,,,,841930159.4,915089546.6,1026426801.0,1286528867.0,1784217422.0,2137625597.0,2401450914.0,2672286425.0,2686520590.0,3360860380.0,3727249276.0,4255721581.0,4562632501.0,5017401787.0,5073853534.0
Vanuatu,,,,,,,,,,,,,,,,,,,,,,,,,,,,
World,700000000000.0,685000000000.0,717000000000.0,686000000000.0,695000000000.0,717000000000.0,716000000000.0,714000000000.0,696000000000.0,709000000000.0,730000000000.0,742000000000.0,802000000000.0,937000000000.0,1060000000000.0,1150000000000.0,1190000000000.0,1320000000000.0,1490000000000.0,1550000000000.0,1630000000000.0,1730000000000.0,1740000000000.0,1740000000000.0,1740000000000.0,1640000000000.0,1630000000000.0,1700000000000.0
Samoa,,,,,,,,,,,,,,,,,,,,,,,,,,,,
Kosovo,,,,,,,,,,,,,,,,,,,927234.775,27227085.63,38578120.51,50968863.77,43390403.88,48597681.23,53575787.74,49984164.36,51937624.42,57262629.27
"Yemen, Rep.",807070715.5,1028217917.0,1306900026.0,1535457656.0,2353269332.0,805892377.9,416008632.4,397073042.4,384502730.3,395252957.3,473664032.5,540101498.8,737366548.0,807313244.1,735485127.9,815627464.0,822130536.1,1050499364.0,1196411766.0,1420775264.0,1448153377.0,1612254443.0,1618840127.0,1648750524.0,1714830844.0,,,
South Africa,4364458204.0,3874415135.0,3677406461.0,3254313379.0,3478582291.0,3292446562.0,2591787131.0,2414137710.0,1905656009.0,1738036625.0,1891725013.0,1802262236.0,1766082898.0,2574176278.0,3099065125.0,3566963815.0,3506139658.0,3525684244.0,3285925081.0,3592687702.0,4188168092.0,4594154078.0,4489590096.0,4118208483.0,3892469155.0,3488867948.0,3169756001.0,3638936588.0
Zambia,139324047.3,86247306.22,97756279.98,51128294.49,62869469.99,55265536.34,37835913.57,43362495.25,,56113432.89,,,,,98349404.04,139509353.6,205852231.6,232278664.4,278055135.8,220962285.8,280187778.6,309113764.2,346301423.1,381345802.1,443604396.0,372447569.8,299504759.9,339664531.4
Zimbabwe,416300000.0,376050000.0,296350000.0,249800000.0,247900000.0,262900000.0,291650000.0,311400000.0,306000000.0,263400000.0,346300000.0,286700000.0,677000000.0,194800000.0,256100000.0,131400000.0,161700000.0,,,,98293000.0,198438000.0,318272000.0,356700000.0,368100000.0,376677000.0,358065000.0,340522000.0
