,Country Name,Country Code,Indicator Name,Indicator Code,1990,1991,1992,1993,1994,1995,1996,1997,1998,1999,2000,2001,2002,2003,2004,2005,2006,2007,2008,2009,2010,2011,2012,2013,2014,2015,2016,2017
11,Australia,AUS,GDP (current US$),NY.GDP.MKTP.CD,310838000000.0,325358000000.0,324878000000.0,311529000000.0,322201000000.0,367216000000.0,400303000000.0,434568000000.0,398899000000.0,388395000000.0,415034000000.0,378215000000.0,394487000000.0,466295000000.0,611904000000.0,692642000000.0,745522000000.0,851963000000.0,1052580000000.0,926448000000.0,1144260000000.0,1394280000000.0,1543410000000.0,1573700000000.0,1464960000000.0,1349030000000.0,1208040000000.0,1323420000000.0
12,Austria,AUT,GDP (current US$),NY.GDP.MKTP.CD,166463000000.0,173794000000.0,195078000000.0,190380000000.0,203535000000.0,241038000000.0,237251000000.0,212790000000.0,218260000000.0,217186000000.0,196800000000.0,197338000000.0,213378000000.0,261696000000.0,300904000000.0,315974000000.0,335999000000.0,388691000000.0,430294000000.0,400172000000.0,391893000000.0,431120000000.0,409425000000.0,430069000000.0,441885000000.0,382066000000.0,390800000000.0,416596000000.0
14,Burundi,BDI,GDP (current US$),NY.GDP.MKTP.CD,1132101253.0,1167398478.0,1083037671.0,938632612.0,925030590.2,1000428394.0,869033856.3,972896267.9,893770806.1,808077223.4,870486065.9,876794723.1,825394490.2,784654423.6,915257323.4,1117113046.0,1273375020.0,1356199365.0,1611835902.0,1781455092.0,2032135247.0,2235820868.0,2333308099.0,2451625333.0,2705783272.0,3104394858.0,2959185295.0,3172416146.0
15,Belgium,BEL,GDP (current US$),NY.GDP.MKTP.CD,206431000000.0,211638000000.0,236038000000.0,225925000000.0,246195000000.0,289567000000.0,281358000000.0,254814000000.0,260602000000.0,260202000000.0,237905000000.0,237842000000.0,258860000000.0,319003000000.0,370885000000.0,387366000000.0,409813000000.0,471821000000.0,518626000000.0,484553000000.0,483548000000.0,527008000000.0,497884000000.0,520925000000.0,530771000000.0,455040000000.0,467546000000.0,492681000000.0
16,Benin,BEN,GDP (current US$),NY.GDP.MKTP.CD,1959965244.0,1986437860.0,1695315306.0,2274557914.0,1598075932.0,2169627251.0,2361116588.0,2268301538.0,2455092582.0,2689787918.0,2569186643.0,2680213931.0,3054571082.0,3905366188.0,4521424807.0,4803702821.0,5142380779.0,5969535132.0,7132787397.0,7097198712.0,6970240895.0,7814081156.0,8152554487.0,9157355680.0,9707432016.0,8291155881.0,8573159697.0,9246696924.0
17,Burkina Faso,BFA,GDP (current US$),NY.GDP.MKTP.CD,3101301781.0,3135045684.0,2240264712.0,2332018011.0,1895290965.0,2379518099.0,2586550747.0,2447669404.0,2804902724.0,2993753187.0,2628920056.0,2812845514.0,3205592290.0,4205691222.0,4838551100.0,5462709498.0,5816310158.0,6771277871.0,8369637065.0,8369175126.0,8979966766.0,10724063458.0,11166063467.0,11947176342.0,12377391463.0,10419303761.0,10886363727.0,12322864245.0
18,Bangladesh,BGD,GDP (current US$),NY.GDP.MKTP.CD,31598341234.0,30957483950.0,31708874594.0,33166519418.0,33768660883.0,37939748769.0,46438484108.0,48244309133.0,49984559471.0,51270569884.0,53369787319.0,53991289844.0,54724081491.0,60158929188.0,65108544250.0,69442943089.0,71819083684.0,79611888213.0,91631278239.0,102478000000.0,115279000000.0,128638000000.0,133356000000.0,149990000000.0,172885000000.0,195079000000.0,221415000000.0,249724000000.0
21,"Bahamas, The",BHS,GDP (current US$),NY.GDP.MKTP.CD,3166000000.0,3111160000.0,3109000000.0,3092000000.0,3259000000.0,3429000000.0,3609000000.0,6332360000.0,6833220000.0,7683870000.0,8076470000.0,8317830000.0,8881160000.0,8870090000.0,9055290000.0,9836200000.0,10167250000.0,10618340000.0,10526000000.0,9981960000.0,10095760000.0,10070450000.0,10720500000.0,10627600000.0,10957300000.0,11792300000.0,11838800000.0,12162100000.0
24,Belize,BLZ,GDP (current US$),NY.GDP.MKTP.CD,412086445.5,444720750.0,518239100.0,559858250.0,580863700.0,620140400.0,641383800.0,654314350.0,688992450.0,732732350.0,832072450.0,871860600.0,932551850.0,990374050.0,1057845500.0,1114202700.0,1217442150.0,1290542550.0,1368625150.0,1335217500.0,1396731700.0,1486595750.0,1563827850.0,1608442150.0,1692955750.0,1762500450.0,1806646250.0,1862614800.0
26,Bolivia,BOL,GDP (current US$),NY.GDP.MKTP.CD,4867582620.0,5343274312.0,5643893347.0,5734676561.0,5981244887.0,6715220507.0,7396966657.0,7925673448.0,8497545598.0,8285075872.0,8397912509.0,8141537938.0,7905485216.0,8082364868.0,8773451739.0,9549077869.0,11451845341.0,13120107688.0,16674276952.0,17339992165.0,19649724655.0,23963162984.0,27084497540.0,30659338929.0,32996187988.0,33000198263.0,33941126194.0,37508642113.0
27,Brazil,BRA,GDP (current US$),NY.GDP.MKTP.CD,461952000000.0,602860000000.0,400599000000.0,437799000000.0,558112000000.0,769305000000.0,850426000000.0,883200000000.0,863723000000.0,599389000000.0,655421000000.0,559372000000.0,507962000000.0,558320000000.0,669317000000.0,891630000000.0,1107640000000.0,1397080000000.0,1695820000000.0,1667020000000.0,2208870000000.0,2616200000000.0,2465190000000.0,2472810000000.0,2455990000000.0,1802210000000.0,1793990000000.0,2055510000000.0
31,Botswana,BWA,GDP (current US$),NY.GDP.MKTP.CD,3790567052.0,3942792837.0,4146513722.0,4160086253.0,4259330999.0,4730611067.0,4847752843.0,5020214747.0,4790458837.0,5484257417.0,5788329609.0,5489608300.0,5438857107.0,7511582173.0,8957467707.0,9931134941.0,10126940513.0,10939053365.0,10945070442.0,10267133178.0,12786654366.0,15351972227.0,14420393569.0,14901750765.0,16250750259.0,14406496464.0,15648632362.0,17406565823.0
32,Central African Republic,CAF,GDP (current US$),NY.GDP.MKTP.CD,1440711396.0,1377375031.0,1411917558.0,1278781167.0,851174350.6,1115389732.0,1007791186.0,937741468.0,967338348.7,999477510.7,914500299.1,931833302.8,991387870.1,1139754799.0,1270080251.0,1337362392.0,1460561215.0,1697565949.0,1985240986.0,1981732634.0,1986015906.0,2195599557.0,2169706564.0,1518565298.0,1702899386.0,1583776806.0,1755468137.0,1949411659.0
33,Canada,CAN,GDP (current US$),NY.GDP.MKTP.CD,593930000000.0,610328000000.0,592388000000.0,577171000000.0,578139000000.0,604032000000.0,628546000000.0,652825000000.0,631813000000.0,676083000000.0,742293000000.0,736380000000.0,757951000000.0,892381000000.0,1023200000000.0,1169360000000.0,1315420000000.0,1464980000000.0,1549130000000.0,1371150000000.0,1613460000000.0,1788650000000.0,1824290000000.0,1842630000000.0,1799270000000.0,1559620000000.0,1535770000000.0,1653040000000.0
37,Chile,CHL,GDP (current US$),NY.GDP.MKTP.CD,33113887818.0,37834793730.0,45964327559.0,49297773130.0,57008425296.0,73447063319.0,78039572222.0,84952360922.0,81577430181.0,75173794497.0,77860932152.0,70979923960.0,69736811435.0,75643459840.0,99210392858.0,122965000000.0,154788000000.0,173606000000.0,179638000000.0,172389000000.0,218538000000.0,252252000000.0,267122000000.0,278384000000.0,260584000000.0,243999000000.0,250036000000.0,277076000000.0
38,China,CHN,GDP (current US$),NY.GDP.MKTP.CD,360858000000.0,383373000000.0,426916000000.0,444731000000.0,564325000000.0,734548000000.0,863747000000.0,961604000000.0,1029040000000.0,1094000000000.0,1211350000000.0,1339400000000.0,1470550000000.0,1660290000000.0,1955350000000.0,2285970000000.0,2752130000000.0,3552180000000.0,4598210000000.0,5109950000000.0,6100620000000.0,7572550000000.0,8560550000000.0,9607220000000.0,10482400000000.0,11064700000000.0,11191000000000.0,12237700000000.0
39,Cote d'Ivoire,CIV,GDP (current US$),NY.GDP.MKTP.CD,10795850107.0,10492628915.0,11152971316.0,11045759469.0,8313557450.0,11000146839.0,12139234939.0,11722142706.0,12612033729.0,12376639823.0,10717022463.0,11192560827.0,12346919216.0,15306602560.0,16554441847.0,17084928927.0,17800887796.0,20343635320.0,24224903100.0,24277493862.0,24884505035.0,25381616734.0,26790579775.0,31273049200.0,35343298114.0,39633467836.0,35389998639.0,37353276059.0
40,Cameroon,CMR,GDP (current US$),NY.GDP.MKTP.CD,11151578051.0,12434370005.0,11396310990.0,15498179313.0,10600157684.0,9643953175.0,10513387442.0,10833497458.0,10612847429.0,11198378749.0,10083937740.0,10371327756.0,11579343088.0,14548845765.0,17430933517.0,17944084201.0,19356046328.0,22365265026.0,26409781215.0,26017925552.0,26143818510.0,29337006833.0,29104437355.0,32348149947.0,34942948737.0,30916218544.0,32621535419.0,34922782311.0
41,"Congo, Dem. Rep.",COD,GDP (current US$),NY.GDP.MKTP.CD,9349764580.0,9625436873.0,8227343907.0,10706259937.0,5820382248.0,5643439376.0,5771454940.0,6090840548.0,6215591270.0,4711259427.0,19088046306.0,7438189100.0,8728038525.0,8937567060.0,10297483481.0,11964484668.0,14451902468.0,16737071816.0,19788515874.0,18648373312.0,21565720044.0,25839749199.0,29306235826.0,32679745298.0,35909040266.0,37917704900.0,37134799975.0,37642482562.0
42,"Congo, Rep.",COG,GDP (current US$),NY.GDP.MKTP.CD,2798746051.0,2724853593.0,2933222714.0,1918970032.0,1769365425.0,2116003978.0,2540697688.0,2322718991.0,1949481297.0,2353909564.0,3219910550.0,2794259783.0,3019993739.0,3495868808.0,4648628921.0,6087003176.0,7731261311.0,8394688284.0,11859013281.0,9593537551.0,12007880439.0,14425607180.0,13677930124.0,14085851348.0,14177437982.0,8553154580.0,9035848071.0,8701334800.0
43,Colombia,COL,GDP (current US$),NY.GDP.MKTP.CD,47844090710.0,49175565911.0,58418985443.0,66446804803.0,81703500846.0,92507279383.0,97160109278.0,106660000000.0,98443739941.0,86186158685.0,99886577331.0,98203546156.0,97933391976.0,94684584163.0,117075000000.0,145181000000.0,161190000000.0,205707000000.0,241711000000.0,232494000000.0,286104000000.0,334454000000.0,370574000000.0,381867000000.0,381112000000.0,293482000000.0,282856000000.0,314458000000.0
46,Costa Rica,CRI,GDP (current US$),NY.GDP.MKTP.CD,5711687787.0,7168999670.0,8528593421.0,9537297723.0,10432619326.0,11513472786.0,11618286652.0,12552071488.0,13617405297.0,14195623343.0,14949514493.0,15913363441.0,16504795593.0,17195867468.0,18529767918.0,19952156489.0,22600431883.0,26743874206.0,30612932876.0,30562361123.0,37268635287.0,42262697840.0,46473128285.0,49745088112.0,50577769838.0,54775994478.0,57157992434.0,57285984448.0
47,Caribbean small states,CSS,GDP (current US$),NY.GDP.MKTP.CD,17959211147.0,17763082530.0,17490762568.0,18906881922.0,19904505764.0,21996669072.0,24019482919.0,28143148045.0,30068485136.0,31871092687.0,34177064571.0,35220649367.0,36957137316.0,39498589670.0,43221500667.0,48878552451.0,54565407833.0,60904230941.0,69102174030.0,58163115347.0,63268926037.0,68351085109.0,70588397891.0,71335339138.0,72495698044.0,70862033354.0,67665555626.0,68823642410.0
56,Denmark,DNK,GDP (current US$),NY.GDP.MKTP.CD,138247000000.0,139225000000.0,152916000000.0,143196000000.0,156162000000.0,185007000000.0,187632000000.0,173538000000.0,176992000000.0,177965000000.0,164159000000.0,164791000000.0,178635000000.0,218096000000.0,251373000000.0,264467000000.0,282885000000.0,319423000000.0,353361000000.0,321241000000.0,321995000000.0,344003000000.0,327149000000.0,343584000000.0,352994000000.0,301298000000.0,306900000000.0,324872000000.0
57,Dominican Republic,DOM,GDP (current US$),NY.GDP.MKTP.CD,7073675545.0,9734321854.0,11356271336.0,13081042400.0,14664237667.0,16598679279.0,18241691857.0,20017908829.0,21672526563.0,22137599986.0,24305116729.0,25599311449.0,27362875603.0,21642882856.0,22692574473.0,36119047252.0,38116351526.0,44169678153.0,48288967303.0,48376555306.0,53982886258.0,57811180659.0,60657780261.0,62661773592.0,66065015410.0,68802092021.0,72342967648.0,75931656815.0
58,Algeria,DZA,GDP (current US$),NY.GDP.MKTP.CD,62045099643.0,45715367087.0,48003298223.0,49946455211.0,42542571306.0,41764052458.0,46941496780.0,48177862502.0,48187747529.0,48640574567.0,54790245601.0,54744714396.0,56760288974.0,67863829880.0,85324998814.0,103198000000.0,117027000000.0,134977000000.0,171001000000.0,137211000000.0,161207000000.0,200019000000.0,209059000000.0,209755000000.0,213810000000.0,165979000000.0,160130000000.0,167555000000.0
59,East Asia & Pacific (excluding high income),EAP,GDP (current US$),NY.GDP.MKTP.CD,663001000000.0,719536000000.0,806316000000.0,885207000000.0,1064840000000.0,1314280000000.0,1509590000000.0,1563630000000.0,1433120000000.0,1576440000000.0,1735180000000.0,1846140000000.0,2043270000000.0,2312730000000.0,2682110000000.0,3107080000000.0,3742280000000.0,4732740000000.0,5991570000000.0,6498980000000.0,7882450000000.0,9635870000000.0,10749700000000.0,11864700000000.0,12757500000000.0,13271300000000.0,13508700000000.0,14739600000000.0
60,Early-demographic dividend,EAR,GDP (current US$),NY.GDP.MKTP.CD,1814820000000.0,1923740000000.0,2111060000000.0,2312510000000.0,2424070000000.0,2489290000000.0,2711120000000.0,2899610000000.0,2865600000000.0,3032270000000.0,3289050000000.0,3256610000000.0,3162020000000.0,3516510000000.0,4085430000000.0,4761740000000.0,5450770000000.0,6471530000000.0,7295860000000.0,7019440000000.0,8527820000000.0,9582290000000.0,10044500000000.0,10229600000000.0,10579500000000.0,10262500000000.0,10478500000000.0,11289500000000.0
61,East Asia & Pacific,EAS,GDP (current US$),NY.GDP.MKTP.CD,4732430000000.0,5343160000000.0,5837730000000.0,6528970000000.0,7301100000000.0,8296160000000.0,7992440000000.0,7647560000000.0,6856970000000.0,7655590000000.0,8280880000000.0,7701920000000.0,7824330000000.0,8601710000000.0,9646250000000.0,10293000000000.0,10916300000000.0,12209500000000.0,14102000000000.0,14531200000000.0,16943300000000.0,19647900000000.0,21031400000000.0,21275200000000.0,21914200000000.0,21795200000000.0,22511500000000.0,23996500000000.0
63,Europe & Central Asia,ECS,GDP (current US$),NY.GDP.MKTP.CD,8833500000000.0,9113630000000.0,9774340000000.0,8982250000000.0,9394650000000.0,10836500000000.0,11064200000000.0,10498500000000.0,10758600000000.0,10635400000000.0,10018800000000.0,10116400000000.0,11067600000000.0,13480700000000.0,15714500000000.0,16739600000000.0,18120800000000.0,21175200000000.0,23242100000000.0,20446000000000.0,20920600000000.0,23180300000000.0,22342900000000.0,23351900000000.0,23659400000000.0,20373900000000.0,20283900000000.0,21444100000000.0
64,Ecuador,ECU,GDP (current US$),NY.GDP.MKTP.CD,15239278100.0,16988535268.0,18094238119.0,18938717359.0,22708673337.0,24432884442.0,25226393197.0,28162053027.0,27981896948.0,19645272636.0,18327764882.0,24468324000.0,28548945000.0,32432858000.0,36591661000.0,41507085000.0,46802044000.0,51007777000.0,61762635000.0,62519686000.0,69555367000.0,79276664000.0,87924544000.0,95129659000.0,101726000000.0,99290381000.0,99937696000.0,104296000000.0
66,Euro area,EMU,GDP (current US$),NY.GDP.MKTP.CD,5865990000000.0,6098680000000.0,6728130000000.0,6161850000000.0,6508350000000.0,7512010000000.0,7603820000000.0,6952090000000.0,7143820000000.0,7111850000000.0,6480940000000.0,6587710000000.0,7167760000000.0,8843900000000.0,10144400000000.0,10528800000000.0,11179300000000.0,12873500000000.0,14113100000000.0,12905000000000.0,12641000000000.0,13622000000000.0,12641900000000.0,13193300000000.0,13478900000000.0,11667300000000.0,11935000000000.0,12589900000000.0
68,Spain,ESP,GDP (current US$),NY.GDP.MKTP.CD,535101000000.0,575599000000.0,629202000000.0,523649000000.0,529122000000.0,612940000000.0,640998000000.0,588692000000.0,617042000000.0,633194000000.0,595403000000.0,625976000000.0,705146000000.0,906853000000.0,1069560000000.0,1157280000000.0,1264550000000.0,1479340000000.0,1635020000000.0,1499100000000.0,1431620000000.0,1488070000000.0,1336020000000.0,1361850000000.0,1376910000000.0,1197790000000.0,1237260000000.0,1311320000000.0
71,European Union,EUU,GDP (current US$),NY.GDP.MKTP.CD,7573010000000.0,7859430000000.0,8563870000000.0,7808200000000.0,8291510000000.0,9617730000000.0,9832900000000.0,9281650000000.0,9598120000000.0,9583140000000.0,8906060000000.0,9003880000000.0,9816360000000.0,11949500000000.0,13798100000000.0,14433100000000.0,15398300000000.0,17793700000000.0,19137000000000.0,17102500000000.0,16986900000000.0,18349600000000.0,17292200000000.0,18028900000000.0,18635900000000.0,16416300000000.0,16493700000000.0,17281900000000.0
73,Finland,FIN,GDP (current US$),NY.GDP.MKTP.CD,141518000000.0,127866000000.0,112625000000.0,89255751015.0,103322000000.0,134199000000.0,132099000000.0,126833000000.0,133936000000.0,135226000000.0,125540000000.0,129250000000.0,139553000000.0,171071000000.0,196768000000.0,204436000000.0,216553000000.0,255385000000.0,283742000000.0,251499000000.0,247800000000.0,273674000000.0,256706000000.0,269980000000.0,272609000000.0,232465000000.0,238678000000.0,251885000000.0
74,Fiji,FJI,GDP (current US$),NY.GDP.MKTP.CD,1337024782.0,1383843860.0,1531803061.0,1635426125.0,1825285158.0,1970347721.0,2129266728.0,2093994597.0,1656784780.0,1942170999.0,1684109743.0,1660102346.0,1842691481.0,2315935753.0,2727507213.0,3006725015.0,3102741451.0,3405050612.0,3523185920.0,2870624636.0,3140508836.0,3774530616.0,3972012571.0,4190143206.0,4483416340.0,4362128146.0,4671313315.0,5061202767.0
75,France,FRA,GDP (current US$),NY.GDP.MKTP.CD,1269180000000.0,1269280000000.0,1401470000000.0,1322820000000.0,1393980000000.0,1601090000000.0,1605680000000.0,1452880000000.0,1503110000000.0,1492650000000.0,1362250000000.0,1376470000000.0,1494290000000.0,1840480000000.0,2115740000000.0,2196130000000.0,2318590000000.0,2657210000000.0,2918380000000.0,2690220000000.0,2642610000000.0,2861410000000.0,2683830000000.0,2811080000000.0,2852170000000.0,2438210000000.0,2465130000000.0,2582500000000.0
78,Gabon,GAB,GDP (current US$),NY.GDP.MKTP.CD,5952293766.0,5402919957.0,5592390849.0,4378645081.0,4190819314.0,4958845906.0,5694040337.0,5326816859.0,4483417120.0,4662992036.0,5067865321.0,5018874179.0,5310381151.0,6497305662.0,7756293575.0,9578973591.0,10318424464.0,12438956756.0,15508574820.0,12065138273.0,14358584300.0,18186478120.0,17171447372.0,17590745162.0,18179752010.0,14377324798.0,14014369642.0,15013950984.0
79,United Kingdom,GBR,GDP (current US$),NY.GDP.MKTP.CD,1093170000000.0,1142800000000.0,1179660000000.0,1061390000000.0,1140490000000.0,1335220000000.0,1408780000000.0,1552480000000.0,1638510000000.0,1665620000000.0,1647950000000.0,1621510000000.0,1768410000000.0,2038400000000.0,2398560000000.0,2520700000000.0,2692610000000.0,3074360000000.0,2890560000000.0,2382830000000.0,2441170000000.0,2619700000000.0,2662090000000.0,2739820000000.0,3022830000000.0,2885570000000.0,2650850000000.0,2622430000000.0
81,Ghana,GHA,GDP (current US$),NY.GDP.MKTP.CD,5889174825.0,6596546196.0,6413901602.0,5966255778.0,5444560669.0,6465137615.0,6934984709.0,6891308594.0,7480968858.0,7719354839.0,4983024408.0,5314909954.0,6166330136.0,7632406553.0,8881368538.0,10731634117.0,20409668522.0,24758819718.0,28526891010.0,25977847814.0,32174772956.0,39566292433.0,41939728979.0,63277216929.0,53601126664.0,49181854798.0,55009730600.0,58996776238.0
87,Greece,GRC,GDP (current US$),NY.GDP.MKTP.CD,97891090929.0,105143000000.0,116225000000.0,108809000000.0,116602000000.0,136878000000.0,145862000000.0,143158000000.0,144428000000.0,142541000000.0,130134000000.0,136191000000.0,153831000000.0,201924000000.0,240521000000.0,247783000000.0,273318000000.0,318498000000.0,354461000000.0,330000000000.0,299362000000.0,287798000000.0,245671000000.0,239862000000.0,237030000000.0,195542000000.0,192691000000.0,200288000000.0
90,Guatemala,GTM,GDP (current US$),NY.GDP.MKTP.CD,7650125217.0,9406097735.0,10440842165.0,11399942453.0,12983235568.0,14655404433.0,15674835615.0,17790026222.0,19395491993.0,18318412251.0,19288827159.0,18702802784.0,20776669473.0,21917706485.0,23965276000.0,27211377220.0,30231249362.0,34113107085.0,39136954238.0,37734072276.0,41338521642.0,47654783851.0,50388460920.0,53851148432.0,58722323918.0,63767597194.0,68663653469.0,75620095538.0
92,Guyana,GUY,GDP (current US$),NY.GDP.MKTP.CD,396582263.3,348533094.8,373573141.5,454101382.5,540874934.2,621626785.9,705406001.4,749138009.6,717530683.2,694754988.3,712667896.7,712167575.6,726131434.7,743064076.8,787814379.2,824880550.3,1458453715.0,1740180444.0,1916996252.0,2061324146.0,2273224261.0,2576024016.0,2861560061.0,2987684143.0,3077643261.0,3197222215.0,3504024213.0,3621046005.0
93,High income,HIC,GDP (current US$),NY.GDP.MKTP.CD,19053900000000.0,20205800000000.0,21768900000000.0,21951100000000.0,23545300000000.0,26119000000000.0,26365400000000.0,25960500000000.0,26054900000000.0,27338300000000.0,27898300000000.0,27616600000000.0,28605100000000.0,32091200000000.0,35744900000000.0,37827900000000.0,39949100000000.0,43700500000000.0,46482000000000.0,43561100000000.0,45719300000000.0,49412400000000.0,49466800000000.0,50012900000000.0,51049700000000.0,48319700000000.0,49281300000000.0,51479400000000.0
94,"Hong Kong SAR, China",HKG,GDP (current US$),NY.GDP.MKTP.CD,76928290842.0,88959620136.0,104272000000.0,120354000000.0,135812000000.0,144653000000.0,159717000000.0,177353000000.0,168886000000.0,165768000000.0,171668000000.0,169403000000.0,166349000000.0,161385000000.0,169100000000.0,181570000000.0,193536000000.0,211597000000.0,219280000000.0,214046000000.0,228638000000.0,248514000000.0,262629000000.0,275697000000.0,291459000000.0,309384000000.0,320881000000.0,341449000000.0
95,Honduras,HND,GDP (current US$),NY.GDP.MKTP.CD,4923009552.0,4648668470.0,4943700428.0,4926728939.0,4642280683.0,5347445008.0,5215028988.0,5737099646.0,6366340268.0,6414520532.0,7103507989.0,7565869928.0,7775078403.0,8140271081.0,8772194250.0,9672035709.0,10841742348.0,12275501784.0,13789715133.0,14587496229.0,15839344592.0,17710315006.0,18528601901.0,18499710128.0,19756494435.0,20979767785.0,21643936939.0,22978532897.0
96,Heavily indebted poor countries (HIPC),HPC,GDP (current US$),NY.GDP.MKTP.CD,134426000000.0,138752000000.0,126737000000.0,130842000000.0,115661000000.0,131740000000.0,137417000000.0,143875000000.0,148232000000.0,147987000000.0,159165000000.0,151476000000.0,163070000000.0,186033000000.0,214224000000.0,246605000000.0,295485000000.0,352777000000.0,425917000000.0,428441000000.0,473380000000.0,528923000000.0,568543000000.0,635091000000.0,671126000000.0,665410000000.0,672720000000.0,742642000000.0
98,Haiti,HTI,GDP (current US$),NY.GDP.MKTP.CD,3096289800.0,3473540602.0,2257121668.0,1878248741.0,2167564195.0,2813313279.0,2907514523.0,3338938830.0,3723909227.0,4153736347.0,3953846311.0,3596443005.0,3472191962.0,2960306121.0,3537720277.0,4310358096.0,4756204070.0,5885325590.0,6548530572.0,6584649419.0,6622541529.0,7516834160.0,7890216508.0,8452509316.0,8776350790.0,8724656126.0,7970649131.0,8408150518.0
100,IBRD only,IBD,GDP (current US$),NY.GDP.MKTP.CD,3451320000000.0,3719110000000.0,3709910000000.0,3976680000000.0,4346980000000.0,4880820000000.0,5338630000000.0,5653770000000.0,5498610000000.0,5337360000000.0,5800340000000.0,5885740000000.0,5978440000000.0,6732030000000.0,8009390000000.0,9576190000000.0,11350500000000.0,14119100000000.0,16955000000000.0,16450200000000.0,19985800000000.0,23638900000000.0,25133900000000.0,26571000000000.0,27450300000000.0,25914300000000.0,26042200000000.0,28665400000000.0
101,IDA & IBRD total,IBT,GDP (current US$),NY.GDP.MKTP.CD,3788510000000.0,4062330000000.0,4040330000000.0,4292390000000.0,4653990000000.0,5232980000000.0,5725240000000.0,6055200000000.0,5902190000000.0,5750180000000.0,6251560000000.0,6333030000000.0,6460050000000.0,7273710000000.0,8645960000000.0,10320200000000.0,12262600000000.0,15188600000000.0,18240000000000.0,17709800000000.0,21438000000000.0,25299500000000.0,26924800000000.0,28535900000000.0,29567200000000.0,27992100000000.0,28065300000000.0,30791200000000.0
102,IDA total,IDA,GDP (current US$),NY.GDP.MKTP.CD,340983000000.0,346571000000.0,333326000000.0,317473000000.0,307303000000.0,352806000000.0,387373000000.0,401873000000.0,404628000000.0,414798000000.0,453488000000.0,449383000000.0,484266000000.0,544667000000.0,640030000000.0,747885000000.0,917173000000.0,1074850000000.0,1291300000000.0,1266430000000.0,1456430000000.0,1662200000000.0,1793840000000.0,1971210000000.0,2127200000000.0,2089450000000.0,2033200000000.0,2134210000000.0
103,IDA blend,IDB,GDP (current US$),NY.GDP.MKTP.CD,148024000000.0,150023000000.0,148126000000.0,131514000000.0,135202000000.0,156254000000.0,172773000000.0,177131000000.0,174288000000.0,181458000000.0,198870000000.0,199670000000.0,220799000000.0,247737000000.0,303336000000.0,364257000000.0,470784000000.0,544051000000.0,648034000000.0,605773000000.0,706536000000.0,816006000000.0,898603000000.0,977362000000.0,1058850000000.0,1003000000000.0,929069000000.0,924275000000.0
105,IDA only,IDX,GDP (current US$),NY.GDP.MKTP.CD,191134000000.0,194734000000.0,183098000000.0,184816000000.0,170413000000.0,194539000000.0,212286000000.0,222523000000.0,228453000000.0,231167000000.0,252201000000.0,247224000000.0,260582000000.0,293697000000.0,332657000000.0,378721000000.0,439904000000.0,523345000000.0,634908000000.0,655633000000.0,743068000000.0,838868000000.0,885673000000.0,984263000000.0,1057660000000.0,1079080000000.0,1100910000000.0,1211020000000.0
107,India,IND,GDP (current US$),NY.GDP.MKTP.CD,316697000000.0,266502000000.0,284364000000.0,275570000000.0,322910000000.0,355476000000.0,387656000000.0,410320000000.0,415731000000.0,452700000000.0,462147000000.0,478965000000.0,508069000000.0,599593000000.0,699689000000.0,808901000000.0,920317000000.0,1201110000000.0,1186950000000.0,1323940000000.0,1656620000000.0,1823050000000.0,1827640000000.0,1856720000000.0,2039130000000.0,2102390000000.0,2274230000000.0,2600820000000.0
109,Ireland,IRL,GDP (current US$),NY.GDP.MKTP.CD,49364681256.0,49847128533.0,55985506499.0,52480253169.0,57166037102.0,69222626263.0,75880632560.0,82826146132.0,90082034316.0,98691849563.0,99853528653.0,109134000000.0,127945000000.0,164285000000.0,193870000000.0,211651000000.0,232086000000.0,269918000000.0,275020000000.0,236311000000.0,221951000000.0,239019000000.0,225572000000.0,239389000000.0,258099000000.0,290617000000.0,304819000000.0,333731000000.0
112,Iceland,ISL,GDP (current US$),NY.GDP.MKTP.CD,6372905073.0,6807365898.0,6976080331.0,6126456175.0,6294803497.0,7018100153.0,7330965239.0,7548912105.0,8453704212.0,8917286036.0,8927140438.0,8136345144.0,9207689916.0,11316441660.0,13722824251.0,16691490114.0,17048647568.0,21319946740.0,17658408759.0,12944114736.0,13310567803.0,14732689535.0,14292008745.0,15548321544.0,17304033021.0,16942247374.0,20304098101.0,23909289979.0
113,Israel,ISR,GDP (current US$),NY.GDP.MKTP.CD,58986997917.0,67530220219.0,75575902932.0,75954641355.0,86307135997.0,100343000000.0,109957000000.0,114725000000.0,115979000000.0,117190000000.0,132339000000.0,130706000000.0,121069000000.0,126865000000.0,135445000000.0,142463000000.0,153967000000.0,178707000000.0,215840000000.0,207419000000.0,233610000000.0,261629000000.0,257297000000.0,292489000000.0,308417000000.0,299094000000.0,317748000000.0,350851000000.0
114,Italy,ITA,GDP (current US$),NY.GDP.MKTP.CD,1177330000000.0,1242110000000.0,1315810000000.0,1061450000000.0,1095590000000.0,1170790000000.0,1308930000000.0,1239050000000.0,1266310000000.0,1248560000000.0,1141760000000.0,1162320000000.0,1266510000000.0,1569650000000.0,1798310000000.0,1852660000000.0,1942630000000.0,2203050000000.0,2390730000000.0,2185160000000.0,2125060000000.0,2276290000000.0,2072820000000.0,2130490000000.0,2151730000000.0,1832870000000.0,1859380000000.0,1934800000000.0
115,Jamaica,JAM,GDP (current US$),NY.GDP.MKTP.CD,4592224067.0,4071219198.0,3530892749.0,5405097571.0,5419134875.0,6538840170.0,7368000000.0,8375077443.0,8763219645.0,8851581633.0,8985352832.0,9178016493.0,9694169757.0,9399447609.0,10150978155.0,11204416000.0,11901911988.0,12827809965.0,13680482787.0,12067478478.0,13200286270.0,14413359665.0,14798716216.0,14193012191.0,13852192273.0,14145469269.0,14072135209.0,14781107822.0
117,Japan,JPN,GDP (current US$),NY.GDP.MKTP.CD,3132820000000.0,3584420000000.0,3908810000000.0,4454140000000.0,4907040000000.0,5449120000000.0,4833710000000.0,4414730000000.0,4032510000000.0,4562080000000.0,4887520000000.0,4303540000000.0,4115120000000.0,4445660000000.0,4815150000000.0,4755410000000.0,4530380000000.0,4515260000000.0,5037910000000.0,5231380000000.0,5700100000000.0,6157460000000.0,6203210000000.0,5155720000000.0,4850410000000.0,4394980000000.0,4949270000000.0,4872140000000.0
119,Kenya,KEN,GDP (current US$),NY.GDP.MKTP.CD,8572359163.0,8151479004.0,8209129172.0,5751789915.0,7148145376.0,9046326060.0,12045858436.0,13115773738.0,14093998844.0,12896013577.0,12705357103.0,12986007426.0,13147743911.0,14904517650.0,16095337094.0,18737897745.0,25825524821.0,31958195182.0,35895153328.0,37021512049.0,40000088347.0,41953433591.0,50412754861.0,55096728048.0,61448041564.0,64007751188.0,70875223143.0,79263075749.0
123,St. Kitts and Nevis,KNA,GDP (current US$),NY.GDP.MKTP.CD,217258907.8,220539507.4,242135418.1,263754660.4,295157658.1,313483384.8,333946095.6,374640295.1,383257144.9,406597034.4,433520494.9,475443712.2,497328946.7,486344351.0,529250459.3,577730934.1,657227386.7,723938700.4,793368441.0,767066391.8,766785071.2,818728133.0,800392821.2,849496203.9,916857359.5,936314411.5,958973183.2,992007403.1
124,"Korea, Rep.",KOR,GDP (current US$),NY.GDP.MKTP.CD,279349000000.0,325734000000.0,350051000000.0,386303000000.0,455603000000.0,556131000000.0,598099000000.0,557503000000.0,374241000000.0,485248000000.0,561633000000.0,533052000000.0,609020000000.0,680521000000.0,764881000000.0,898137000000.0,1011800000000.0,1122680000000.0,1002220000000.0,901935000000.0,1094500000000.0,1202460000000.0,1222810000000.0,1305600000000.0,1411330000000.0,1382760000000.0,1414800000000.0,1530750000000.0
126,Latin America & Caribbean (excluding high income),LAC,GDP (current US$),NY.GDP.MKTP.CD,941930000000.0,1154770000000.0,1023080000000.0,1212060000000.0,1401030000000.0,1497320000000.0,1630610000000.0,1792200000000.0,1800530000000.0,1593660000000.0,1798300000000.0,1764670000000.0,1711280000000.0,1713930000000.0,1953990000000.0,2376140000000.0,2790110000000.0,3298170000000.0,3836470000000.0,3600730000000.0,4481070000000.0,5054640000000.0,5075680000000.0,5196510000000.0,5356670000000.0,4387480000000.0,4284870000000.0,4744000000000.0
132,Latin America & Caribbean,LCN,GDP (current US$),NY.GDP.MKTP.CD,1178580000000.0,1449730000000.0,1370350000000.0,1575940000000.0,1800720000000.0,1920190000000.0,2077830000000.0,2277920000000.0,2298570000000.0,2073870000000.0,2287590000000.0,2238150000000.0,2008220000000.0,2051740000000.0,2364520000000.0,2858800000000.0,3350520000000.0,3947720000000.0,4588220000000.0,4312100000000.0,5347330000000.0,6080910000000.0,6143790000000.0,6295130000000.0,6417070000000.0,5517000000000.0,5381030000000.0,5974240000000.0
136,Sri Lanka,LKA,GDP (current US$),NY.GDP.MKTP.CD,8032551173.0,9000362582.0,9703011636.0,10338679636.0,11717604209.0,13029697561.0,13897738375.0,15091913884.0,15794972847.0,15656327860.0,16330814180.0,15749753805.0,16536535647.0,18881765437.0,20662525941.0,24405791045.0,28279814925.0,32350248411.0,40713812310.0,42066217872.0,56725749222.0,65292753006.0,68434409315.0,74317806538.0,79356449841.0,80604080689.0,81787420023.0,87357205923.0
138,Low & middle income,LMY,GDP (current US$),NY.GDP.MKTP.CD,3546530000000.0,3737960000000.0,3652860000000.0,3889480000000.0,4209320000000.0,4737810000000.0,5185210000000.0,5484730000000.0,5309680000000.0,5189120000000.0,5689060000000.0,5774720000000.0,6071500000000.0,6824540000000.0,8089990000000.0,9649640000000.0,11487600000000.0,14243800000000.0,17088300000000.0,16703500000000.0,20251000000000.0,23912900000000.0,25539100000000.0,27101100000000.0,28155300000000.0,26611500000000.0,26726000000000.0,29284400000000.0
139,Lesotho,LSO,GDP (current US$),NY.GDP.MKTP.CD,596415104.5,704329192.8,831033941.1,835592802.3,878250450.6,1001889857.0,946123275.9,997996028.6,928458206.0,912771290.6,887295267.9,825706961.2,775780697.7,1157832935.0,1511236656.0,1682350935.0,1800105590.0,1716262757.0,1758534998.0,1773199526.0,2361613522.0,2787951879.0,2678475775.0,2526009059.0,2614566294.0,2510312805.0,2323419619.0,2578265358.0
140,Late-demographic dividend,LTE,GDP (current US$),NY.GDP.MKTP.CD,2033210000000.0,2237860000000.0,2089330000000.0,2167690000000.0,2469370000000.0,3017390000000.0,3326670000000.0,3482630000000.0,3352830000000.0,3097650000000.0,3402240000000.0,3516360000000.0,3724680000000.0,4246880000000.0,5105490000000.0,6162350000000.0,7437360000000.0,9371250000000.0,11650700000000.0,11263800000000.0,13513100000000.0,16479000000000.0,17632200000000.0,19014000000000.0,19703600000000.0,18464400000000.0,18471500000000.0,20463600000000.0
142,Luxembourg,LUX,GDP (current US$),NY.GDP.MKTP.CD,13229247948.0,14321878795.0,16065740778.0,16486900187.0,18325791415.0,21588170498.0,21776609772.0,19731912494.0,20209122027.0,22235929043.0,21263514833.0,21272418792.0,23616328816.0,29557325056.0,34685281848.0,37347394603.0,42414308117.0,50888134410.0,55849686539.0,51370543206.0,53212476812.0,60004630234.0,56677961787.0,61739352212.0,66327344189.0,57784495265.0,58631324559.0,62404461275.0
146,Morocco,MAR,GDP (current US$),NY.GDP.MKTP.CD,30180108562.0,32285388165.0,33711069431.0,31655473664.0,35604137423.0,39030285468.0,43161452678.0,39147844526.0,41806219379.0,41632027600.0,38857251336.0,39459581217.0,42236836821.0,52064058834.0,59626020162.0,62343022651.0,68640825481.0,79041294874.0,92507257784.0,92897320376.0,93216746662.0,101370000000.0,98266306615.0,106826000000.0,110081000000.0,101180000000.0,103345000000.0,109709000000.0
149,Madagascar,MDG,GDP (current US$),NY.GDP.MKTP.CD,3081479800.0,2653141959.0,3024459564.0,3370842211.0,2977040722.0,3159901232.0,3995028593.0,3545776697.0,3738704468.0,3717515283.0,3877673539.0,4529575348.0,4397254608.0,5474030080.0,4363934494.0,5039293031.0,5515884349.0,7342923489.0,9413002921.0,8550363975.0,8729936136.0,9892702358.0,9919780071.0,10601690872.0,10673516673.0,9744243531.0,10001193315.0,11499803807.0
152,Mexico,MEX,GDP (current US$),NY.GDP.MKTP.CD,261254000000.0,313143000000.0,363158000000.0,500736000000.0,527813000000.0,360074000000.0,410976000000.0,500413000000.0,526502000000.0,600233000000.0,707907000000.0,756706000000.0,772106000000.0,729336000000.0,782241000000.0,877476000000.0,975387000000.0,1052700000000.0,1109990000000.0,900045000000.0,1057800000000.0,1180490000000.0,1201090000000.0,1274440000000.0,1314560000000.0,1170560000000.0,1077780000000.0,1150890000000.0
154,Middle income,MIC,GDP (current US$),NY.GDP.MKTP.CD,3432910000000.0,3620450000000.0,3545660000000.0,3783180000000.0,4119570000000.0,4635790000000.0,5070020000000.0,5364720000000.0,5188520000000.0,5066430000000.0,5546860000000.0,5639560000000.0,5928400000000.0,6668360000000.0,7910580000000.0,9441890000000.0,11252500000000.0,13961700000000.0,16747300000000.0,16350000000000.0,19856800000000.0,23462600000000.0,25052900000000.0,26571400000000.0,27591200000000.0,26060700000000.0,26189800000000.0,28708900000000.0
164,Mauritania,MRT,GDP (current US$),NY.GDP.MKTP.CD,1019600771.0,1443688870.0,1464392416.0,1249944999.0,1315932645.0,1415296704.0,1442598431.0,1401946853.0,1375115534.0,1405662879.0,1293654175.0,1295539448.0,1324426607.0,1563074860.0,1833444740.0,2184445123.0,3040716679.0,3356757064.0,4031048268.0,3662282133.0,4337791007.0,5166341003.0,5231255478.0,5724227185.0,5391475277.0,4844223107.0,4739298730.0,5024708656.0
166,Malawi,MWI,GDP (current US$),NY.GDP.MKTP.CD,1880771556.0,2203545857.0,1799517082.0,2070636936.0,1181802596.0,1397457932.0,2281034131.0,2663234934.0,1750584265.0,1775921718.0,1743506531.0,1716502862.0,3495748398.0,3208837077.0,3476094499.0,3655909664.0,3998020177.0,4432937046.0,5321012192.0,6191127665.0,6959655571.0,8004000737.0,6028487929.0,5518880769.0,6047813437.0,6373212641.0,5433040160.0,6303292264.0
167,Malaysia,MYS,GDP (current US$),NY.GDP.MKTP.CD,44024178343.0,49142784405.0,59167157498.0,66894448545.0,74477975918.0,88704944179.0,100855000000.0,100005000000.0,72167753771.0,79148947368.0,93789736842.0,92783947368.0,100845000000.0,110202000000.0,124750000000.0,143534000000.0,162691000000.0,193548000000.0,230814000000.0,202258000000.0,255017000000.0,297952000000.0,314443000000.0,323277000000.0,338062000000.0,296636000000.0,296753000000.0,314710000000.0
168,North America,NAC,GDP (current US$),NY.GDP.MKTP.CD,6575110000000.0,6786010000000.0,7133370000000.0,7457710000000.0,7888760000000.0,8270120000000.0,8731440000000.0,9264270000000.0,9724110000000.0,10340000000000.0,11030600000000.0,11361900000000.0,11739400000000.0,12407200000000.0,13302600000000.0,14268000000000.0,15176700000000.0,15948500000000.0,16273800000000.0,15795700000000.0,16583600000000.0,17312100000000.0,17985100000000.0,18539700000000.0,19232700000000.0,19686300000000.0,20166300000000.0,21050000000000.0
171,Niger,NER,GDP (current US$),NY.GDP.MKTP.CD,2480673195.0,2327986216.0,2344987614.0,1606581744.0,1563207225.0,1880803362.0,1987770899.0,1845599608.0,2076737357.0,2018193703.0,1798374468.0,1945327565.0,2170481509.0,2731416346.0,3052898739.0,3405134832.0,3646728060.0,4291363391.0,5379299888.0,5373097441.0,5718664505.0,6409184724.0,6942258305.0,7667952566.0,8229731384.0,7217667781.0,7528285444.0,8119710126.0
172,Nigeria,NGA,GDP (current US$),NY.GDP.MKTP.CD,54035795388.0,49118433048.0,47794925816.0,27752204320.0,33833042988.0,44062465800.0,51075815092.0,54457835194.0,54604050168.0,59372613486.0,69448756933.0,74030364472.0,95385819321.0,104912000000.0,136386000000.0,176134000000.0,236104000000.0,275626000000.0,337036000000.0,291880000000.0,363360000000.0,410335000000.0,459376000000.0,514966000000.0,568499000000.0,494583000000.0,404650000000.0,375745000000.0
173,Nicaragua,NIC,GDP (current US$),NY.GDP.MKTP.CD,1009455484.0,1488804124.0,1792800000.0,1756454248.0,3863185119.0,4140470000.0,4308351903.0,4389965591.0,4635267225.0,4855717875.0,5107329007.0,5323146566.0,5224213018.0,5322454926.0,5795568205.0,6321335612.0,6763671611.0,7423377429.0,8496965842.0,8298695145.0,8758622329.0,9774316692.0,10532001130.0,10982972256.0,11880438824.0,12611087031.0,13184989878.0,13814261536.0
174,Netherlands,NLD,GDP (current US$),NY.GDP.MKTP.CD,314268000000.0,323320000000.0,358330000000.0,349038000000.0,374291000000.0,446529000000.0,445705000000.0,412199000000.0,432476000000.0,441975000000.0,412807000000.0,426574000000.0,465369000000.0,571863000000.0,650533000000.0,678534000000.0,726649000000.0,839420000000.0,936228000000.0,857933000000.0,836390000000.0,893757000000.0,828947000000.0,866680000000.0,879635000000.0,757999000000.0,777228000000.0,826200000000.0
175,Norway,NOR,GDP (current US$),NY.GDP.MKTP.CD,119792000000.0,121872000000.0,130838000000.0,120579000000.0,127131000000.0,152027000000.0,163518000000.0,161354000000.0,154165000000.0,162286000000.0,171316000000.0,174003000000.0,195418000000.0,228752000000.0,264357000000.0,308722000000.0,345425000000.0,401083000000.0,462554000000.0,386622000000.0,429131000000.0,498832000000.0,510229000000.0,523502000000.0,499339000000.0,386663000000.0,371075000000.0,398832000000.0
176,Nepal,NPL,GDP (current US$),NY.GDP.MKTP.CD,3627562403.0,3921476085.0,3401211581.0,3660041667.0,4066775510.0,4401104418.0,4521580381.0,4918691917.0,4856255044.0,5033642384.0,5494252208.0,6007055043.0,6050875807.0,6330473097.0,7273938315.0,8130258041.0,9043715356.0,10325618017.0,12545438605.0,12854985464.0,16002656434.0,18913574371.0,18851513891.0,19271168018.0,20002968838.0,21410840909.0,21185922408.0,24880266905.0
178,New Zealand,NZL,GDP (current US$),NY.GDP.MKTP.CD,45519034244.0,42756020707.0,41636005955.0,46712018141.0,55154160816.0,63918039320.0,70140835299.0,66074513018.0,56227696195.0,58762260626.0,52622842840.0,53872425917.0,66627729311.0,88250885550.0,103905000000.0,114719000000.0,111609000000.0,137316000000.0,133280000000.0,121339000000.0,146584000000.0,168462000000.0,176193000000.0,190785000000.0,200955000000.0,177621000000.0,189286000000.0,205853000000.0
179,OECD members,OED,GDP (current US$),NY.GDP.MKTP.CD,18715200000000.0,19812100000000.0,21306300000000.0,21596800000000.0,23078600000000.0,25440700000000.0,25660700000000.0,25277100000000.0,25542000000000.0,26836200000000.0,27406700000000.0,27157400000000.0,28339000000000.0,31734400000000.0,35318900000000.0,37336000000000.0,39364100000000.0,43034300000000.0,45559800000000.0,42617400000000.0,44647300000000.0,47978600000000.0,47893500000000.0,48473400000000.0,49485300000000.0,46749600000000.0,47659700000000.0,49629800000000.0
182,Pakistan,PAK,GDP (current US$),NY.GDP.MKTP.CD,40010424929.0,45451960732.0,48635176853.0,51478304860.0,51894781282.0,60636022423.0,63320122807.0,62433300338.0,62191955814.0,62973855719.0,73952374970.0,72309738921.0,72306820396.0,83244801093.0,97977766198.0,109502000000.0,137264000000.0,152386000000.0,170078000000.0,168153000000.0,177407000000.0,213587000000.0,224384000000.0,231219000000.0,244361000000.0,270556000000.0,278655000000.0,304952000000.0
183,Panama,PAN,GDP (current US$),NY.GDP.MKTP.CD,6433967000.0,7074675500.0,8042337700.0,8782585400.0,9365289800.0,9573813700.0,9870494000.0,10677286100.0,11575486400.0,12130252200.0,12304115000.0,12502013400.0,12994310400.0,13693981200.0,15013381700.0,16374393900.0,18141666300.0,21295984200.0,25155888600.0,27116635600.0,29440287600.0,34686224300.0,40429734400.0,45599994000.0,49921464365.0,54091713776.0,57957594212.0,62283756584.0
184,Peru,PER,GDP (current US$),NY.GDP.MKTP.CD,26410386669.0,34672122381.0,36139225288.0,35158109999.0,44882079767.0,53312793687.0,55252414130.0,58147522523.0,55501467877.0,50187324568.0,51744749133.0,52030158775.0,54777553515.0,58731030122.0,66768703498.0,76060606061.0,88643193062.0,102171000000.0,120551000000.0,120823000000.0,147529000000.0,171762000000.0,192649000000.0,201218000000.0,201081000000.0,189927000000.0,191640000000.0,211389000000.0
185,Philippines,PHL,GDP (current US$),NY.GDP.MKTP.CD,44311593756.0,45417561302.0,52976344929.0,54368083953.0,64084460124.0,74119987245.0,82848140618.0,82344260571.0,72207028768.0,82995145793.0,81026300310.0,76262072467.0,81357605642.0,83908206648.0,91371242495.0,103072000000.0,122211000000.0,149360000000.0,174195000000.0,168335000000.0,199591000000.0,224143000000.0,250092000000.0,271836000000.0,284585000000.0,292774000000.0,304889000000.0,313595000000.0
187,Papua New Guinea,PNG,GDP (current US$),NY.GDP.MKTP.CD,3219730365.0,3787394958.0,4377980510.0,4974550286.0,5502786070.0,4636057476.0,5155311077.0,4936615299.0,3789443015.0,3477038204.0,3521339699.0,3081024212.0,2999511040.0,3536411824.0,3927157867.0,4865892972.0,8306343442.0,9545071325.0,11670678864.0,11619541940.0,14250726290.0,17984816533.0,21295834133.0,21261305413.0,23060047128.0,20638636035.0,19028120013.0,20536314601.0
189,Pre-demographic dividend,PRE,GDP (current US$),NY.GDP.MKTP.CD,193961000000.0,189166000000.0,175605000000.0,154215000000.0,145760000000.0,173386000000.0,190876000000.0,201150000000.0,203866000000.0,207100000000.0,236362000000.0,233352000000.0,278093000000.0,317192000000.0,388485000000.0,488232000000.0,621514000000.0,751319000000.0,947449000000.0,855761000000.0,1011300000000.0,1183400000000.0,1305330000000.0,1428910000000.0,1528540000000.0,1344610000000.0,1220170000000.0,1295510000000.0
192,Portugal,PRT,GDP (current US$),NY.GDP.MKTP.CD,78721607509.0,89242382961.0,107603000000.0,95019103603.0,99698453261.0,118134000000.0,122630000000.0,117046000000.0,123982000000.0,127466000000.0,118358000000.0,121546000000.0,134229000000.0,164964000000.0,189187000000.0,197305000000.0,208567000000.0,240169000000.0,262008000000.0,243746000000.0,238303000000.0,244895000000.0,216368000000.0,226073000000.0,229630000000.0,199420000000.0,205184000000.0,217571000000.0
196,Post-demographic dividend,PST,GDP (current US$),NY.GDP.MKTP.CD,18360800000000.0,19372000000000.0,20791900000000.0,20937800000000.0,22421700000000.0,24858900000000.0,24989400000000.0,24518400000000.0,24622800000000.0,25846900000000.0,26289700000000.0,26044500000000.0,27164500000000.0,30473300000000.0,33859400000000.0,35641100000000.0,37487500000000.0,40884300000000.0,43196300000000.0,40673600000000.0,42412400000000.0,45528600000000.0,45463000000000.0,45860000000000.0,46789800000000.0,44280400000000.0,45260100000000.0,47092700000000.0
201,Rwanda,RWA,GDP (current US$),NY.GDP.MKTP.CD,2550185618.0,1911600970.0,2029026704.0,1971525999.0,753636370.5,1293535011.0,1382334879.0,1851558302.0,1989343495.0,1817654508.0,1734938652.0,1674685248.0,1677552332.0,1846198771.0,2088961969.0,2581313486.0,3152324689.0,3824788145.0,4860093843.0,5378925895.0,5773084568.0,6563320570.0,7334917697.0,7621923308.0,8016591928.0,8277613194.0,8475681533.0,9135454442.0
202,South Asia,SAS,GDP (current US$),NY.GDP.MKTP.CD,402945000000.0,358520000000.0,380676000000.0,377077000000.0,427599000000.0,475090000000.0,519779000000.0,545217000000.0,552856000000.0,592264000000.0,616125000000.0,632236000000.0,663177000000.0,774399000000.0,897868000000.0,1028570000000.0,1176170000000.0,1488600000000.0,1515560000000.0,1665540000000.0,2042060000000.0,2271880000000.0,2297280000000.0,2357170000000.0,2581870000000.0,2696120000000.0,2902950000000.0,3294670000000.0
204,Sudan,SDN,GDP (current US$),NY.GDP.MKTP.CD,12408647541.0,11379222222.0,7034219713.0,8881785938.0,12794192334.0,13829744879.0,9018243044.0,11681494637.0,11250327988.0,10682045258.0,12257418326.0,13182979784.0,14803189093.0,17646503525.0,21457470203.0,26524538566.0,35822408612.0,45898948564.0,54526580232.0,53150209168.0,65634109237.0,67327289320.0,68125631150.0,72065940086.0,82151588419.0,97156119150.0,95584380032.0,117488000000.0
205,Senegal,SEN,GDP (current US$),NY.GDP.MKTP.CD,7237100724.0,7111252866.0,7602005274.0,7189226453.0,4908415369.0,6176312552.0,6413189839.0,5915250258.0,6368265194.0,6512207622.0,5924239701.0,6174898370.0,6752510283.0,8683229268.0,10167441854.0,11022821632.0,11847848225.0,14285970085.0,16949789465.0,16248212852.0,16215069256.0,17878780185.0,17825417949.0,18960182371.0,19770919167.0,17767620059.0,18973894459.0,21070225735.0
206,Singapore,SGP,GDP (current US$),NY.GDP.MKTP.CD,36152027893.0,45474442836.0,52156414979.0,60644572348.0,73777792327.0,87890009877.0,96403758865.0,100164000000.0,85707636233.0,86283126844.0,95833932715.0,89286208629.0,91941192896.0,97001377569.0,114189000000.0,127418000000.0,147797000000.0,179981000000.0,192226000000.0,192408000000.0,236422000000.0,275967000000.0,290674000000.0,304454000000.0,311539000000.0,304098000000.0,309764000000.0,323907000000.0
208,Sierra Leone,SLE,GDP (current US$),NY.GDP.MKTP.CD,649644826.8,779981458.9,679997997.6,768812334.8,911915970.7,870758739.4,941742152.7,850218033.6,672375927.3,669384768.9,635874002.2,1090467712.0,1253340520.0,1385810072.0,1448536631.0,1650494367.0,1885112202.0,2158496873.0,2505458705.0,2453899847.0,2578026297.0,2942546781.0,3801862611.0,4920343195.0,5015157816.0,4218723875.0,3556036535.0,3775047334.0
213,Sub-Saharan Africa (excluding high income),SSA,GDP (current US$),NY.GDP.MKTP.CD,335449000000.0,341145000000.0,336458000000.0,313777000000.0,309122000000.0,354518000000.0,366040000000.0,380483000000.0,364111000000.0,367246000000.0,391470000000.0,373160000000.0,407123000000.0,510871000000.0,637464000000.0,759312000000.0,904997000000.0,1050330000000.0,1204150000000.0,1145340000000.0,1365290000000.0,1549900000000.0,1632320000000.0,1738510000000.0,1825560000000.0,1663690000000.0,1541750000000.0,1668270000000.0
215,Sub-Saharan Africa,SSF,GDP (current US$),NY.GDP.MKTP.CD,335818000000.0,341520000000.0,336893000000.0,314254000000.0,309611000000.0,355028000000.0,366545000000.0,381048000000.0,364723000000.0,367872000000.0,392088000000.0,373785000000.0,407824000000.0,511580000000.0,638307000000.0,760234000000.0,906016000000.0,1051370000000.0,1205110000000.0,1146190000000.0,1366250000000.0,1550970000000.0,1633380000000.0,1739840000000.0,1826900000000.0,1665070000000.0,1543180000000.0,1669770000000.0
218,Suriname,SUR,GDP (current US$),NY.GDP.MKTP.CD,388400000.0,448100000.0,404600000.0,428764705.9,605492537.3,691590497.7,861411471.3,926422500.0,1110850000.0,886290697.7,947671969.7,834279357.8,1093574468.0,1274190311.0,1484092538.0,1793388732.0,2626493057.0,2936440801.0,3532961749.0,3875555556.0,4368398048.0,4422646204.0,4958566170.0,5149556634.0,5235212206.0,4767414748.0,3152173913.0,2995827901.0
221,Sweden,SWE,GDP (current US$),NY.GDP.MKTP.CD,258154000000.0,270363000000.0,280312000000.0,209951000000.0,226080000000.0,264052000000.0,288104000000.0,264478000000.0,266800000000.0,270848000000.0,259802000000.0,239917000000.0,263926000000.0,331109000000.0,381705000000.0,389042000000.0,420032000000.0,487816000000.0,513966000000.0,429657000000.0,488378000000.0,563110000000.0,543881000000.0,578742000000.0,573818000000.0,497918000000.0,514460000000.0,538040000000.0
222,Eswatini,SWZ,GDP (current US$),NY.GDP.MKTP.CD,1114703088.0,1156141998.0,1284766234.0,1357206996.0,1419293455.0,1698982438.0,1602760100.0,1716699913.0,1576904292.0,1547884442.0,1738100853.0,1542477309.0,1432228125.0,2197612701.0,2770082792.0,3178126492.0,3291353836.0,3469363996.0,3294093485.0,3580417067.0,4438778424.0,4820499924.0,4823831657.0,4560713074.0,4377293816.0,4020275298.0,3817430000.0,4433664364.0
224,Seychelles,SYC,GDP (current US$),NY.GDP.MKTP.CD,368584758.9,374359556.1,433667193.8,473916819.5,486451204.6,508221508.2,503068472.2,562958836.5,608369282.2,622985493.7,614879764.8,622262057.2,697518248.2,705704816.0,839319927.3,919103254.5,1016418229.0,1033561654.0,967199594.0,847397850.1,969936525.3,1065826670.0,1060222480.0,1328158360.0,1343010475.0,1377492466.0,1427525457.0,1497959569.0
227,Chad,TCD,GDP (current US$),NY.GDP.MKTP.CD,1738605558.0,1877138042.0,1881847677.0,1463251055.0,1179837955.0,1445919970.0,1607345450.0,1544689503.0,1744794457.0,1534673583.0,1385058162.0,1709347793.0,1987622279.0,2736666516.0,4414929220.0,6646663561.0,7422102656.0,8638711443.0,10351932604.0,9253484108.0,10657705536.0,12156380425.0,12368071039.0,12949854263.0,13922223234.0,10945989472.0,10090922857.0,9871247732.0
228,East Asia & Pacific (IDA & IBRD countries),TEA,GDP (current US$),NY.GDP.MKTP.CD,661633000000.0,718052000000.0,804653000000.0,883381000000.0,1062640000000.0,1311570000000.0,1506470000000.0,1560400000000.0,1430160000000.0,1573190000000.0,1731600000000.0,1842340000000.0,2039050000000.0,2307980000000.0,2676690000000.0,3100870000000.0,3734880000000.0,4723450000000.0,5979860000000.0,6486170000000.0,7867130000000.0,9617240000000.0,10728900000000.0,11841800000000.0,12732900000000.0,13245800000000.0,13482800000000.0,14711300000000.0
230,Togo,TGO,GDP (current US$),NY.GDP.MKTP.CD,1628427515.0,1602299863.0,1692959110.0,1233496846.0,982624324.5,1309382885.0,1465448290.0,1498950899.0,1587345951.0,1576094566.0,1488185772.0,1481141850.0,1698678686.0,2111093198.0,2255942249.0,2280575830.0,2349495621.0,2659095101.0,3310277927.0,3365711796.0,3426022206.0,3867391618.0,3873529926.0,4320427496.0,4568900620.0,4179185205.0,4457732625.0,4757776485.0
231,Thailand,THA,GDP (current US$),NY.GDP.MKTP.CD,85343063966.0,98234695722.0,111453000000.0,128890000000.0,146683000000.0,169279000000.0,183035000000.0,150180000000.0,113676000000.0,126669000000.0,126392000000.0,120297000000.0,134301000000.0,152281000000.0,172895000000.0,189318000000.0,221758000000.0,262943000000.0,291383000000.0,281710000000.0,341105000000.0,370819000000.0,397558000000.0,420333000000.0,407339000000.0,401399000000.0,411755000000.0,455303000000.0
234,Latin America & the Caribbean (IDA & IBRD countries),TLA,GDP (current US$),NY.GDP.MKTP.CD,1109230000000.0,1382300000000.0,1302850000000.0,1504980000000.0,1719710000000.0,1833460000000.0,1992900000000.0,2186080000000.0,2199440000000.0,1968090000000.0,2174350000000.0,2116170000000.0,1882070000000.0,1919650000000.0,2223080000000.0,2706520000000.0,3182620000000.0,3769090000000.0,4402420000000.0,4123960000000.0,5152710000000.0,5878040000000.0,5934950000000.0,6081520000000.0,6199460000000.0,5289640000000.0,5148500000000.0,5722760000000.0
238,South Asia (IDA & IBRD),TSA,GDP (current US$),NY.GDP.MKTP.CD,402945000000.0,358520000000.0,380676000000.0,377077000000.0,427599000000.0,475090000000.0,519779000000.0,545217000000.0,552856000000.0,592264000000.0,616125000000.0,632236000000.0,663177000000.0,774399000000.0,897868000000.0,1028570000000.0,1176170000000.0,1488600000000.0,1515560000000.0,1665540000000.0,2042060000000.0,2271880000000.0,2297280000000.0,2357170000000.0,2581870000000.0,2696120000000.0,2902950000000.0,3294670000000.0
239,Sub-Saharan Africa (IDA & IBRD countries),TSS,GDP (current US$),NY.GDP.MKTP.CD,335818000000.0,341520000000.0,336893000000.0,314254000000.0,309611000000.0,355028000000.0,366545000000.0,381048000000.0,364723000000.0,367872000000.0,392088000000.0,373785000000.0,407824000000.0,511580000000.0,638307000000.0,760234000000.0,906016000000.0,1051370000000.0,1205110000000.0,1146190000000.0,1366250000000.0,1550970000000.0,1633380000000.0,1739840000000.0,1826900000000.0,1665070000000.0,1543180000000.0,1669770000000.0
240,Trinidad and Tobago,TTO,GDP (current US$),NY.GDP.MKTP.CD,5068000000.0,5307905882.0,5439552941.0,4669488516.0,4947205860.0,5329214163.0,5759537726.0,5737751332.0,6043694330.0,6808982521.0,8154338233.0,8824873259.0,9008273721.0,11305459802.0,13280275123.0,15982282462.0,18369361094.0,21641620050.0,27871587350.0,19172165226.0,22157253321.0,25366520907.0,25601811994.0,26578524198.0,27200280855.0,24401734195.0,22295585700.0,22079017627.0
242,Turkey,TUR,GDP (current US$),NY.GDP.MKTP.CD,150676000000.0,150028000000.0,158459000000.0,180170000000.0,130690000000.0,169486000000.0,181476000000.0,189835000000.0,275769000000.0,255883000000.0,272980000000.0,200252000000.0,238428000000.0,311823000000.0,404786000000.0,501416000000.0,552487000000.0,675770000000.0,764336000000.0,644640000000.0,771902000000.0,832524000000.0,873982000000.0,950579000000.0,934186000000.0,859797000000.0,863722000000.0,851549000000.0
245,Uganda,UGA,GDP (current US$),NY.GDP.MKTP.CD,4304398866.0,3321729057.0,2857457860.0,3220439044.0,3990430447.0,5755818947.0,6044585327.0,6269333313.0,6584815847.0,5998563258.0,6193246837.0,5840503869.0,6178563591.0,6336696289.0,7940362799.0,9013834373.0,9942597780.0,12292813603.0,14239026630.0,18168902154.0,20186496527.0,20176025257.0,23114293416.0,24599550624.0,27291879819.0,27102650387.0,24133664285.0,25995031850.0
247,Upper middle income,UMC,GDP (current US$),NY.GDP.MKTP.CD,2526180000000.0,2756530000000.0,2644270000000.0,2878920000000.0,3129690000000.0,3525650000000.0,3854310000000.0,4109530000000.0,4054940000000.0,3835230000000.0,4252380000000.0,4328340000000.0,4513180000000.0,5043790000000.0,6046030000000.0,7278200000000.0,8658240000000.0,10773600000000.0,13162300000000.0,12690800000000.0,15369800000000.0,18371200000000.0,19712300000000.0,20992400000000.0,21716500000000.0,20219300000000.0,20124300000000.0,22182800000000.0
248,Uruguay,URY,GDP (current US$),NY.GDP.MKTP.CD,9298839655.0,11205971155.0,12878199881.0,15002106518.0,17474647792.0,19297663097.0,20515543039.0,23969823010.0,25385928198.0,23983945191.0,22823255802.0,20898788417.0,13606494599.0,12045631093.0,13686329890.0,17362857684.0,19579457966.0,23410572634.0,30366213119.0,31660911277.0,40284481652.0,47962439304.0,51264390116.0,57531233351.0,57236013086.0,53274304222.0,52687612262.0,56156972158.0
249,United States,USA,GDP (current US$),NY.GDP.MKTP.CD,5979590000000.0,6174040000000.0,6539300000000.0,6878720000000.0,7308760000000.0,7664060000000.0,8100200000000.0,8608520000000.0,9089170000000.0,9660620000000.0,10284800000000.0,10621800000000.0,10977500000000.0,11510700000000.0,12274900000000.0,13093700000000.0,13855900000000.0,14477600000000.0,14718600000000.0,14418700000000.0,14964400000000.0,15517900000000.0,16155300000000.0,16691500000000.0,17427600000000.0,18120700000000.0,18624500000000.0,19390600000000.0
251,St. Vincent and the Grenadines,VCT,GDP (current US$),NY.GDP.MKTP.CD,240365262.6,254829629.6,277954111.1,286307814.8,289438481.5,316008481.5,331489703.7,347770000.0,373619851.9,390719148.1,396261370.4,430039296.3,461883444.4,481806296.3,521975111.1,550728666.7,610930037.0,684446259.3,695428851.9,674922481.5,681225963.0,676129407.4,692933740.7,721208998.2,727714407.1,755458031.4,770762204.1,785222509.1
257,World,WLD,GDP (current US$),NY.GDP.MKTP.CD,22607100000000.0,23951300000000.0,25438800000000.0,25852900000000.0,27767500000000.0,30870500000000.0,31561900000000.0,31453800000000.0,31374400000000.0,32540300000000.0,33597900000000.0,33401000000000.0,34686200000000.0,38926500000000.0,43844800000000.0,47487200000000.0,51446000000000.0,57953300000000.0,63574900000000.0,60267100000000.0,65965900000000.0,73316800000000.0,74993700000000.0,77098800000000.0,79188500000000.0,74916100000000.0,75997400000000.0,80737600000000.0
261,South Africa,ZAF,GDP (current US$),NY.GDP.MKTP.CD,115553000000.0,123943000000.0,134545000000.0,134310000000.0,139752000000.0,155460000000.0,147608000000.0,152586000000.0,137774000000.0,136632000000.0,136362000000.0,121601000000.0,115748000000.0,175257000000.0,228937000000.0,257671000000.0,271638000000.0,299416000000.0,286770000000.0,295936000000.0,375349000000.0,416419000000.0,396328000000.0,366643000000.0,350636000000.0,317537000000.0,295747000000.0,348872000000.0
262,Zambia,ZMB,GDP (current US$),NY.GDP.MKTP.CD,3285217391.0,3378882353.0,3181921788.0,3273237853.0,3656647744.0,3807067122.0,3597220962.0,4303281932.0,3537683046.0,3404311977.0,3600683040.0,4094480988.0,4193845678.0,4901839731.0,6221077675.0,8331870169.0,12756858899.0,14056957976.0,17910858638.0,15328342304.0,20265556274.0,23460098340.0,25503370699.0,28045460442.0,27150630607.0,21154394546.0,20954754378.0,25868142073.0
263,Zimbabwe,ZWE,GDP (current US$),NY.GDP.MKTP.CD,8783816700.0,8641481700.0,6751472200.0,6563813300.0,6890675000.0,7111270700.0,8553146600.0,8529571600.0,6401968200.0,6858013100.0,6689957600.0,6777384700.0,6342116400.0,5727591800.0,5805598400.0,5755215200.0,5443896500.0,5291950100.0,4415702800.0,9665793300.0,12041655200.0,14101920300.0,17114849900.0,19091020000.0,19495519600.0,19963120600.0,20548678100.0,22040902300.0
